countries_and_territories,country_territory_code,month,pop_data_2019,new_confirmed_cases,new_daily_deaths,confirmed_cases,deaths
Afghanistan,AFG,5,38041757,12576,189,14525,249
Afghanistan,AFG,6,38041757,16713,484,31238,733
Afghanistan,AFG,7,38041757,5304,538,36542,1271
Afghanistan,AFG,8,38041757,1620,131,38162,1402
Afghanistan,AFG,11,38041757,1978,90,43403,1626
Armenia,ARM,5,2957728,7216,99,9282,131
Armenia,ARM,6,2957728,16260,312,25542,443
Armenia,ARM,7,2957728,13008,295,38550,738
Armenia,ARM,10,2957728,39912,383,89813,1341
Armenia,ARM,11,2957728,28073,447,117886,1788
Argentina,ARG,4,44780675,3306,190,4272,214
Argentina,ARG,5,44780675,11929,314,16201,528
Argentina,ARG,6,44780675,46054,752,62255,1280
Argentina,ARG,7,44780675,116728,2031,178983,3311
Argentina,ARG,8,44780675,222243,5090,401226,8401
Argentina,ARG,9,44780675,335370,8118,736596,16519
Argentina,ARG,10,44780675,420570,14273,1157166,30792
Argentina,ARG,11,44780675,153310,4644,1310476,35436
Austria,AUT,3,8858775,9611,108,9618,108
Austria,AUT,4,8858775,5746,472,15364,580
Austria,AUT,5,8858775,1274,88,16638,668
Austria,AUT,10,8858775,56836,283,101443,1079
Austria,AUT,11,8858775,102051,600,203494,1679
Australia,AUS,8,25203200,9367,422,25670,611
Australia,AUS,9,25203200,1393,271,27063,882
Azerbaijan,AZE,11,10047719,21514,249,75688,967
Bosnia_and_Herzegovina,BIH,7,3300998,7101,145,11444,328
Bosnia_and_Herzegovina,BIH,8,3300998,8345,264,19789,592
Bosnia_and_Herzegovina,BIH,9,3300998,7433,244,27222,836
Bosnia_and_Herzegovina,BIH,10,3300998,20931,376,48153,1212
Bosnia_and_Herzegovina,BIH,11,3300998,22747,645,70900,1857
Bangladesh,BGD,4,163046173,7054,158,7103,163
Bangladesh,BGD,5,163046173,37505,447,44608,610
Bangladesh,BGD,6,163046173,97193,1173,141801,1783
Bangladesh,BGD,7,163046173,93088,1300,234889,3083
Bangladesh,BGD,8,163046173,75933,1165,310822,4248
Bangladesh,BGD,9,163046173,51221,971,362043,5219
Bangladesh,BGD,10,163046173,44321,686,406364,5905
Bangladesh,BGD,11,163046173,25969,289,432333,6194
Belgium,BEL,3,11455519,15295,1170,15296,1170
Belgium,BEL,4,11455519,34644,6608,49940,7778
Belgium,BEL,5,11455519,8977,1576,58917,9354
Belgium,BEL,6,11455519,2969,278,61886,9632
Belgium,BEL,10,11455519,319941,1651,442308,11675
Belgium,BEL,11,11455519,93535,2746,535843,14421
Bulgaria,BGR,8,7000039,4770,239,16190,613
Bulgaria,BGR,9,7000039,4357,201,20547,814
Bulgaria,BGR,10,7000039,30494,440,51041,1254
Bulgaria,BGR,11,7000039,47210,876,98251,2130
Bolivia,BOL,5,11513102,8482,251,9592,310
Bolivia,BOL,6,11513102,22533,761,32125,1071
Bolivia,BOL,7,11513102,43109,1823,75234,2894
Bolivia,BOL,8,11513102,40734,2072,115968,4966
Bolivia,BOL,9,11513102,18673,2965,134641,7931
Bolivia,BOL,10,11513102,6990,784,141631,8715
Brazil,BRA,3,211049519,4578,159,4579,159
Brazil,BRA,4,211049519,73583,5307,78162,5466
Brazil,BRA,5,211049519,420278,23368,498440,28834
Brazil,BRA,6,211049519,869755,29480,1368195,58314
Brazil,BRA,7,211049519,1241907,32949,2610102,91263
Brazil,BRA,8,211049519,1252209,29565,3862311,120828
Brazil,BRA,9,211049519,915211,22093,4777522,142921
Brazil,BRA,10,211049519,739136,16556,5516658,159477
Brazil,BRA,11,211049519,332301,6181,5848959,165658
Canada,CAN,3,37411038,7408,89,7424,89
Canada,CAN,4,37411038,44163,2907,51587,2996
Canada,CAN,5,37411038,38592,4077,90179,7073
Canada,CAN,6,37411038,13728,1493,103907,8566
Canada,CAN,7,37411038,11878,363,115785,8929
Canada,CAN,8,37411038,12155,188,127940,9117
Canada,CAN,10,37411038,75038,819,231999,10110
Canada,CAN,11,37411038,64078,843,296077,10953
Democratic_Republic_of_the_Congo,COD,10,86790568,675,35,11305,306
Congo,COG,8,5380504,603,22,3979,78
Switzerland,CHE,3,8544527,15400,295,15412,295
Switzerland,CHE,4,8544527,13912,1112,29324,1407
Switzerland,CHE,5,8544527,1438,249,30762,1656
Switzerland,CHE,10,8544527,100977,254,153728,2035
Switzerland,CHE,11,8544527,102458,921,256186,2956
Chile,CHL,5,18952035,79973,781,94858,997
Chile,CHL,6,18952035,181141,4578,275999,5575
Chile,CHL,7,18952035,77537,3802,353536,9377
Chile,CHL,8,18952035,56438,1867,409974,11244
Chile,CHL,9,18952035,51326,1481,461300,12725
Chile,CHL,10,18952035,47271,1433,508571,14158
Chile,CHL,11,18952035,22702,661,531273,14819
Cameroon,CMR,4,25876387,1690,59,1832,61
Cameroon,CMR,5,25876387,4072,130,5904,191
Cameroon,CMR,6,25876387,6688,122,12592,313
Cameroon,CMR,7,25876387,4663,74,17255,387
China,CHN,1,1433783692,9687,213,9714,213
China,CHN,2,1433783692,69641,2624,79355,2837
China,CHN,3,1433783692,2886,472,82241,3309
China,CHN,4,1433783692,1703,1328,83944,4637
Colombia,COL,4,50339443,5413,264,6211,278
Colombia,COL,5,50339443,22025,612,28236,890
Colombia,COL,6,50339443,66807,2333,95043,3223
Colombia,COL,7,50339443,190977,6587,286020,9810
Colombia,COL,8,50339443,321918,9554,607938,19364
Colombia,COL,9,50339443,216104,6464,824042,25828
Colombia,COL,10,50339443,239109,5307,1063151,31135
Colombia,COL,11,50339443,135595,2896,1198746,34031
Costa_Rica,CRI,8,5047561,22409,278,39699,418
Costa_Rica,CRI,9,5047561,34905,462,74604,880
Costa_Rica,CRI,10,5047561,34262,491,108866,1371
Costa_Rica,CRI,11,5047561,14357,175,123223,1546
Czechia,CZE,4,10649800,4577,203,7579,227
Czechia,CZE,7,10649800,4537,31,16342,379
Czechia,CZE,9,10649800,43476,213,67843,636
Czechia,CZE,10,10649800,255830,2442,323673,3078
Czechia,CZE,11,10649800,136443,3130,460116,6208
Germany,DEU,3,83019213,61856,583,61913,583
Germany,DEU,4,83019213,97206,5705,159119,6288
Germany,DEU,5,83019213,22363,2212,181482,8500
Germany,DEU,6,83019213,12777,473,194259,8973
Germany,DEU,8,83019213,33683,157,242381,9298
Germany,DEU,9,83019213,46838,190,289219,9488
Germany,DEU,10,83019213,229534,964,518753,10452
Germany,DEU,11,83019213,282574,2095,801327,12547
Denmark,DNK,4,5806081,6431,366,9008,443
Dominican_Republic,DOM,4,10738957,5751,251,6652,293
Dominican_Republic,DOM,6,10738957,14908,235,31816,733
Dominican_Republic,DOM,7,10738957,36099,413,67915,1146
Dominican_Republic,DOM,8,10738957,26326,535,94241,1681
Dominican_Republic,DOM,9,10738957,17659,420,111900,2101
Algeria,DZA,4,43053054,3264,409,3848,444
Algeria,DZA,6,43053054,4304,259,13571,905
Algeria,DZA,7,43053054,16260,295,29831,1200
Algeria,DZA,10,43053054,6283,230,57651,1956
Algeria,DZA,11,43053054,10028,198,67679,2154
Ecuador,ECU,4,17373657,22709,821,24675,883
Ecuador,ECU,5,17373657,13896,2451,38571,3334
Ecuador,ECU,6,17373657,17094,1168,55665,4502
Ecuador,ECU,7,17373657,28705,1155,84370,5657
Ecuador,ECU,8,17373657,29278,898,113648,6555
Ecuador,ECU,9,17373657,22101,4757,135749,11312
Ecuador,ECU,10,17373657,31398,1320,167147,12632
Ecuador,ECU,11,17373657,13148,376,180295,13008
Egypt,EGY,4,100388076,4659,340,5268,380
Egypt,EGY,5,100388076,18181,533,23449,913
Egypt,EGY,6,100388076,43305,1959,66754,2872
Egypt,EGY,7,100388076,27003,1902,93757,4774
Egypt,EGY,8,100388076,4970,625,98727,5399
Egypt,EGY,9,100388076,4352,515,103079,5914
Egypt,EGY,10,100388076,4297,344,107376,6258
Egypt,EGY,11,100388076,3391,195,110767,6453
Greece,GRC,10,10724599,19073,232,37196,620
Greece,GRC,11,10724599,37009,486,74205,1106
Spain,ESP,3,46937060,104213,7340,104267,7340
Spain,ESP,4,46937060,110916,17203,215183,24543
Spain,ESP,5,46937060,24246,2584,239429,28752
Spain,ESP,6,46937060,9842,1228,249271,28355
Spain,ESP,7,46937060,39251,90,288522,28445
Spain,ESP,8,46937060,174336,649,462858,29094
Spain,ESP,9,46937060,306330,2697,769188,31791
Spain,ESP,10,46937060,416490,4087,1185678,35878
Spain,ESP,11,46937060,272913,4891,1458591,40769
Ethiopia,ETH,7,112078727,10769,160,16615,263
Ethiopia,ETH,8,112078727,34507,530,51122,793
Ethiopia,ETH,9,112078727,23462,398,74584,1191
Ethiopia,ETH,10,112078727,21205,273,95789,1464
Finland,FIN,4,5517919,3593,193,4906,206
France,FRA,3,67012883,44493,3022,44550,3024
France,FRA,4,67012883,83892,21063,128442,24087
France,FRA,5,67012883,23054,4684,151496,28771
France,FRA,6,67012883,12764,1042,164260,29813
France,FRA,7,67012883,22313,441,186573,30254
France,FRA,8,67012883,91370,352,277943,30606
France,FRA,9,67012883,272747,1287,550690,31893
France,FRA,10,67012883,781294,4672,1331984,36565
France,FRA,11,67012883,649843,7983,1981827,44548
Georgia,GEO,10,3996762,33070,274,38936,307
Georgia,GEO,11,3996762,43899,426,82835,733
Ghana,GHA,6,30417858,9583,77,17351,112
Gambia,GMB,8,2347696,2560,88,2963,96
Equatorial_Guinea,GNQ,6,1355982,695,20,2001,32
Equatorial_Guinea,GNQ,7,1355982,1070,19,3071,51
Equatorial_Guinea,GNQ,8,1355982,1870,32,4941,83
Guatemala,GTM,6,17581476,12670,644,17409,746
Guatemala,GTM,7,17581476,31417,1121,48826,1867
Guatemala,GTM,8,17581476,25086,873,73912,2740
Guatemala,GTM,9,17581476,17056,498,90968,3238
Guatemala,GTM,10,17581476,16371,476,107339,3714
Guatemala,GTM,11,17581476,7546,218,114885,3932
Honduras,HND,6,9746115,13724,284,18818,485
Honduras,HND,7,9746115,22608,827,41426,1312
Honduras,HND,8,9746115,18748,546,60174,1858
Honduras,HND,9,9746115,15924,465,76098,2323
Honduras,HND,10,9746115,20790,346,96888,2669
Honduras,HND,11,9746115,6214,154,103102,2823
Croatia,HRV,10,4076246,30167,256,46547,531
Croatia,HRV,11,4076246,37659,518,84206,1049
Hungary,HUN,4,9772756,2283,296,2775,312
Hungary,HUN,10,9772756,48860,985,75321,1750
Hungary,HUN,11,9772756,72135,1440,147456,3190
Indonesia,IDN,3,270625567,1414,122,1414,122
Indonesia,IDN,4,270625567,8357,662,9771,784
Indonesia,IDN,5,270625567,16002,789,25773,1573
Indonesia,IDN,6,270625567,29319,1232,55092,2805
Indonesia,IDN,7,270625567,51244,2253,106336,5058
Indonesia,IDN,8,270625567,65717,2285,172053,7343
Indonesia,IDN,9,270625567,110671,3258,282724,10601
Indonesia,IDN,10,270625567,124221,3181,406945,13782
Indonesia,IDN,11,270625567,60168,1429,467113,15211
Ireland,IRL,3,4904240,2910,54,2910,54
Ireland,IRL,4,4904240,17343,1136,20253,1190
Ireland,IRL,5,4904240,4676,460,24929,1650
Ireland,IRL,10,4904240,25319,105,61059,1908
Ireland,IRL,11,4904240,6844,71,67903,1979
Israel,ISR,4,8519373,11361,198,15834,215
Israel,ISR,8,8519373,43641,416,114020,919
Israel,ISR,9,8519373,122906,609,236926,1528
Israel,ISR,10,8519373,76775,986,313701,2514
Israel,ISR,11,8519373,10434,218,324135,2732
India,IND,4,1366417756,31799,1042,33050,1074
India,IND,5,1366417756,149093,4090,182143,5164
India,IND,6,1366417756,384697,11729,566840,16893
India,IND,7,1366417756,1072030,18854,1638870,35747
India,IND,8,1366417756,1982375,28722,3621245,64469
India,IND,9,1366417756,2604518,33028,6225763,97497
India,IND,10,1366417756,1911356,24144,8137119,121641
India,IND,11,1366417756,708008,8429,8845127,130070
Iraq,IRQ,6,39309789,40972,1644,47151,1839
Iraq,IRQ,7,39309789,74112,2832,121263,4671
Iraq,IRQ,8,39309789,109914,2288,231177,6959
Iraq,IRQ,9,39309789,127113,2163,358290,9122
Iraq,IRQ,10,39309789,112343,1740,470633,10862
Iraq,IRQ,11,39309789,48519,808,519152,11670
Iran,IRN,3,82913893,41107,2723,41495,2757
Iran,IRN,4,82913893,52162,3200,93657,5957
Iran,IRN,5,82913893,55293,1777,148950,7734
Iran,IRN,6,82913893,76255,2936,225205,10670
Iran,IRN,7,82913893,76325,5899,301530,16569
Iran,IRN,8,82913893,72040,4893,373570,21462
Iran,IRN,9,82913893,80067,4524,453637,25986
Iran,IRN,10,82913893,151315,8492,604952,34478
Iran,IRN,11,82913893,157116,7015,762068,41493
Italy,ITA,3,60359546,100851,11570,101739,11591
Italy,ITA,4,60359546,101852,16091,203591,27682
Italy,ITA,5,60359546,29073,5658,232664,33340
Italy,ITA,6,60359546,7772,1404,240436,34744
Italy,ITA,7,60359546,6722,388,247158,35132
Italy,ITA,8,60359546,21060,345,268218,35477
Italy,ITA,9,60359546,44793,398,313011,35875
Italy,ITA,10,60359546,334663,2446,647674,38321
Italy,ITA,11,60359546,530855,6908,1178529,45229
Jordan,JOR,10,10101697,59257,715,69306,772
Jordan,JOR,11,10101697,74372,1000,143678,1772
Japan,JPN,4,126860299,12135,359,14088,415
Japan,JPN,5,126860299,2763,476,16851,891
Japan,JPN,6,126860299,1742,81,18593,972
Japan,JPN,8,126860299,34091,274,67865,1279
Japan,JPN,9,126860299,15145,285,83010,1564
Japan,JPN,10,126860299,17382,191,100392,1755
Japan,JPN,11,126860299,16285,128,116677,1883
Kenya,KEN,7,52573967,13723,181,19913,325
Kenya,KEN,8,52573967,14144,249,34057,574
Kenya,KEN,10,52573967,15419,274,53797,981
Kenya,KEN,11,52573967,16448,288,70245,1269
Kyrgyzstan,KGZ,7,6415851,30509,1321,35805,1378
Kyrgyzstan,KGZ,8,6415851,8093,-320,43898,1500
Kazakhstan,KAZ,6,18551428,10961,150,21819,188
Kazakhstan,KAZ,7,18551428,67259,605,89078,793
Kazakhstan,KAZ,8,18551428,41595,988,130673,1781
Kazakhstan,KAZ,9,18551428,10034,297,140707,2078
Kazakhstan,KAZ,10,18551428,8992,148,149699,2226
Kazakhstan,KAZ,11,18551428,13868,93,163567,2319
Lebanon,LBN,9,6855709,21507,201,38377,361
Lebanon,LBN,10,6855709,41152,264,79529,625
Lebanon,LBN,11,6855709,25901,192,105430,817
Liberia,LBR,7,4937374,411,37,1181,73
Lithuania,LTU,11,2794184,20935,120,34758,277
Libya,LBY,9,6777453,20591,308,34014,540
Libya,LBY,10,6777453,26614,307,60628,847
Libya,LBY,11,6777453,12974,170,73602,1017
Morocco,MAR,4,36471766,3765,135,4321,168
Morocco,MAR,8,36471766,38140,765,61399,1111
Morocco,MAR,9,36471766,59784,1041,121183,2152
Morocco,MAR,10,36471766,94111,1473,215294,3625
Morocco,MAR,11,36471766,77883,1154,293177,4779
Moldova,MDA,6,4043258,8259,245,16357,536
Moldova,MDA,8,4043258,12753,221,36700,992
Moldova,MDA,9,4043258,15329,318,52029,1310
Moldova,MDA,10,4043258,23172,456,75201,1766
Moldova,MDA,11,4043258,14078,253,89279,2019
North_Macedonia,MKD,7,2077132,4399,182,10623,480
North_Macedonia,MKD,9,2077132,3859,153,17786,737
North_Macedonia,MKD,10,2077132,12662,245,30448,982
North_Macedonia,MKD,11,2077132,16602,323,47050,1305
Myanmar,MMR,9,54045422,11638,278,12425,284
Myanmar,MMR,10,54045422,39071,935,51496,1219
Myanmar,MMR,11,54045422,17498,358,68994,1577
Mauritania,MRT,6,4525698,3666,105,4149,126
Mexico,MEX,4,127575529,25776,1704,28222,1732
Mexico,MEX,5,127575529,87607,8047,115829,9779
Mexico,MEX,6,127575529,149681,17342,265510,27121
Mexico,MEX,7,127575529,209885,18879,475395,46000
Mexico,MEX,8,127575529,166047,18158,641442,64158
Mexico,MEX,9,127575529,142632,13005,784074,77163
Mexico,MEX,10,127575529,134737,14126,918811,91289
Mexico,MEX,11,127575529,87711,7253,1006522,98542
Nigeria,NGA,5,200963603,8127,222,9855,273
Nigeria,NGA,6,200963603,15278,300,25133,573
Nigeria,NGA,7,200963603,17556,305,42689,878
Nigeria,NGA,8,200963603,11176,135,53865,1013
Nigeria,NGA,9,200963603,4782,98,58647,1111
Nicaragua,NIC,5,6545503,745,31,759,35
Netherlands,NLD,3,17282163,11748,864,11750,864
Netherlands,NLD,4,17282163,27052,3847,38802,4711
Netherlands,NLD,5,17282163,7455,1240,46257,5951
Netherlands,NLD,6,17282163,3966,156,50223,6107
Netherlands,NLD,9,17282163,47349,169,117420,6384
Netherlands,NLD,10,17282163,223554,951,340974,7335
Netherlands,NLD,11,17282163,106361,1140,447335,8475
Nepal,NPL,8,28608715,19014,169,38561,221
Nepal,NPL,9,28608715,37697,270,76258,491
Nepal,NPL,10,28608715,91977,429,168235,920
Nepal,NPL,11,28608715,41541,301,209776,1221
Oman,OMN,7,4974992,40099,252,79159,421
Oman,OMN,8,4974992,6385,256,85544,677
Oman,OMN,9,4974992,13041,258,98585,935
Oman,OMN,10,4974992,15849,273,114434,1208
Oman,OMN,11,4974992,5955,130,120389,1338
Panama,PAN,6,4246440,19767,290,32785,620
Panama,PAN,7,4246440,31406,777,64191,1397
Panama,PAN,8,4246440,27874,598,92065,1995
Panama,PAN,9,4246440,19788,369,111853,2364
Panama,PAN,10,4246440,21014,324,132867,2688
Panama,PAN,11,4246440,13786,185,146653,2873
Peru,PER,4,32510462,32981,919,33931,943
Peru,PER,5,32510462,121740,3428,155671,4371
Peru,PER,6,32510462,126694,5133,282365,9504
Peru,PER,7,32510462,125127,9517,407492,19021
Peru,PER,8,32510462,239674,9767,647166,28788
Peru,PER,9,32510462,164602,3608,811768,32396
Peru,PER,10,32510462,88412,2015,900180,34411
Peru,PER,11,32510462,36831,820,937011,35231
Philippines,PHL,3,108116622,2081,87,2084,88
Philippines,PHL,4,108116622,6128,470,8212,558
Philippines,PHL,5,108116622,9012,392,17224,950
Philippines,PHL,6,108116622,19214,305,36438,1255
Philippines,PHL,7,108116622,52936,728,89374,1983
Philippines,PHL,8,108116622,128022,1537,217396,3520
Philippines,PHL,9,108116622,91907,1928,309303,5448
Philippines,PHL,10,108116622,69630,1737,378933,7185
Philippines,PHL,11,108116622,28905,647,407838,7832
Pakistan,PAK,4,216565317,14134,328,15759,346
Pakistan,PAK,5,216565317,53737,1137,69496,1483
Pakistan,PAK,6,216565317,139841,2821,209337,4304
Pakistan,PAK,7,216565317,68968,1647,278305,5951
Pakistan,PAK,8,216565317,17544,343,295849,6294
Pakistan,PAK,9,216565317,16414,185,312263,6479
Pakistan,PAK,10,216565317,20730,327,332993,6806
Pakistan,PAK,11,216565317,26039,354,359032,7160
Poland,POL,4,37972812,10585,593,12640,624
Poland,POL,5,37972812,10931,437,23571,1061
Poland,POL,6,37972812,10583,383,34154,1444
Poland,POL,7,37972812,10877,265,45031,1709
Poland,POL,8,37972812,21839,324,66870,2033
Poland,POL,9,37972812,23092,450,89962,2483
Poland,POL,10,37972812,250872,2868,340834,5351
Poland,POL,11,37972812,372138,4997,712972,10348
Puerto_Rico,PRI,8,2933404,16276,220,32848,434
Puerto_Rico,PRI,9,2933404,15619,220,48467,654
Puerto_Rico,PRI,10,2933404,17276,166,65743,820
Puerto_Rico,PRI,11,2933404,12281,115,78024,935
Palestine,PSE,9,4981422,21052,194,50115,360
Palestine,PSE,11,4981422,10584,88,75326,640
Portugal,PRT,3,10276617,6408,140,6408,140
Portugal,PRT,4,10276617,18284,849,24692,989
Portugal,PRT,5,10276617,7511,407,32203,1396
Portugal,PRT,6,10276617,9709,172,41912,1568
Portugal,PRT,10,10276617,62555,505,137272,2468
Portugal,PRT,11,10276617,80029,913,217301,3381
Paraguay,PRY,8,7044639,11988,261,17195,308
Paraguay,PRY,9,7044639,22906,533,40101,841
Paraguay,PRY,10,7044639,22495,546,62596,1387
Paraguay,PRY,11,7044639,8978,200,71574,1587
Romania,ROU,4,19414458,10026,631,11978,675
Romania,ROU,5,19414458,7155,578,19133,1253
Romania,ROU,6,19414458,7449,381,26582,1634
Romania,ROU,7,19414458,23009,670,49591,2304
Romania,ROU,8,19414458,37194,1274,86785,3578
Romania,ROU,9,19414458,38629,1214,125414,4792
Romania,ROU,10,19414458,110172,2075,235586,6867
Romania,ROU,11,19414458,124695,2059,360281,8926
Serbia,SRB,7,6963764,10925,291,25213,565
Serbia,SRB,11,6963764,39431,195,84568,1009
Russia,RUS,4,145872260,97563,962,99399,972
Russia,RUS,5,145872260,297176,3583,396575,4555
Russia,RUS,6,145872260,244581,4611,641156,9166
Russia,RUS,7,145872260,193343,4636,834499,13802
Russia,RUS,8,145872260,155827,3291,990326,17093
Russia,RUS,9,145872260,177479,3452,1167805,20545
Russia,RUS,10,145872260,432171,7111,1599976,27656
Russia,RUS,11,145872260,325849,5530,1925825,33186
Saudi_Arabia,SAU,5,34268529,61982,323,83384,480
Saudi_Arabia,SAU,6,34268529,103052,1119,186436,1599
Saudi_Arabia,SAU,7,34268529,87783,1267,274219,2866
Saudi_Arabia,SAU,8,34268529,40602,1004,314821,3870
Saudi_Arabia,SAU,9,34268529,19366,869,334187,4739
Saudi_Arabia,SAU,10,34268529,12693,644,346880,5383
Saudi_Arabia,SAU,11,34268529,6375,274,353255,5657
Sudan,SDN,5,42813237,4425,234,4800,262
Sudan,SDN,6,42813237,4458,310,9258,572
Sudan,SDN,7,42813237,2238,153,11496,725
Sudan,SDN,8,42813237,1693,98,13189,823
Sudan,SDN,11,42813237,861,279,14626,1116
Sweden,SWE,3,10230185,4349,295,4360,295
Sweden,SWE,4,10230185,16608,2514,20968,2809
Sweden,SWE,5,10230185,17423,1784,38391,4593
Sweden,SWE,6,10230185,28669,880,67060,5473
Sweden,SWE,7,10230185,9622,265,76682,5738
Sweden,SWE,11,10230185,48313,166,177355,6164
Slovenia,SVN,11,2080908,22532,286,55042,511
Slovakia,SVK,10,5450421,45517,167,55091,212
Slovakia,SVK,11,5450421,31676,298,86767,510
El_Salvador,SLV,7,6453550,10057,275,16230,439
El_Salvador,SLV,8,6453550,9499,278,25729,717
Tunisia,TUN,9,11694721,13720,170,17405,246
Tunisia,TUN,10,11694721,42408,1071,59813,1317
Tunisia,TUN,11,11694721,20591,1028,80404,2345
Turkey,TUR,3,82003882,10827,168,10827,168
Turkey,TUR,4,82003882,106762,2913,117589,3081
Turkey,TUR,5,82003882,45514,1434,163103,4515
Turkey,TUR,6,82003882,35510,600,198613,5115
Turkey,TUR,7,82003882,31278,559,229891,5674
Turkey,TUR,8,82003882,38655,652,268546,6326
Turkey,TUR,9,82003882,48726,1804,317272,8130
Turkey,TUR,10,82003882,55882,2047,373154,10177
Turkey,TUR,11,82003882,41124,1330,414278,11507
Ukraine,UKR,4,43993643,9386,239,9866,250
Ukraine,UKR,5,43993643,13338,446,23204,696
Ukraine,UKR,6,43993643,20424,451,43628,1147
Ukraine,UKR,7,43993643,25166,526,68794,1673
Ukraine,UKR,8,43993643,50280,854,119074,2527
Ukraine,UKR,9,43993643,85858,1538,204932,4065
Ukraine,UKR,10,43993643,173797,2976,378729,7041
Ukraine,UKR,11,43993643,157128,2562,535857,9603
Uganda,UGA,11,44269587,3610,35,16020,145
United_Kingdom,GBR,3,66647112,29651,2050,29681,2050
United_Kingdom,GBR,4,66647112,137469,23999,167150,26049
United_Kingdom,GBR,5,66647112,87240,11336,254390,37385
United_Kingdom,GBR,6,66647112,29151,2956,283541,40341
United_Kingdom,GBR,7,66647112,18760,828,302301,41169
United_Kingdom,GBR,8,66647112,32166,330,334467,41499
United_Kingdom,GBR,9,66647112,111689,573,446156,42072
United_Kingdom,GBR,10,66647112,543589,4157,989745,46229
United_Kingdom,GBR,11,66647112,379573,5705,1369318,51934
United_States_of_America,USA,3,329064917,164554,3170,164620,3170
United_States_of_America,USA,4,329064917,875289,57796,1039909,60966
United_States_of_America,USA,5,329064917,730475,42815,1770384,103781
United_States_of_America,USA,6,329064917,820168,22359,2590552,126140
United_States_of_America,USA,7,329064917,1904462,25930,4495014,152070
United_States_of_America,USA,8,329064917,1502149,30999,5997163,183069
United_States_of_America,USA,9,329064917,1193898,22929,7191061,205998
United_States_of_America,USA,10,329064917,1856366,23710,9047427,229708
United_States_of_America,USA,11,329064917,1989634,16506,11037061,246214
Venezuela,VEN,8,28515829,28009,223,45868,381
Kosovo,XKX,7,1798506,5305,163,8104,212
Kosovo,XKX,8,1798506,5230,304,13334,516
Kosovo,XKX,11,1798506,9789,144,29117,822
Yemen,YEM,6,29161922,818,227,1128,304
Yemen,YEM,7,29161922,598,183,1726,487
South_Africa,ZAF,4,58558267,4024,100,5350,103
South_Africa,ZAF,5,58558267,25617,540,30967,643
South_Africa,ZAF,6,58558267,113297,1886,144264,2529
South_Africa,ZAF,7,58558267,337905,5283,482169,7812
South_Africa,ZAF,8,58558267,142887,6216,625056,14028
South_Africa,ZAF,9,58558267,47516,2639,672572,16667
South_Africa,ZAF,10,58558267,51110,2563,723682,19230
South_Africa,ZAF,11,58558267,27342,1011,751024,20241
Zambia,ZMB,7,17861034,3987,127,5555,149
Zambia,ZMB,8,17861034,6470,138,12025,287
Zimbabwe,ZWE,8,14645473,3320,143,6412,196
United_Arab_Emirates,ARE,12,9770526,0,0,0,0
Afghanistan,AFG,12,38041757,0,0,0,0
Armenia,ARM,12,2957728,0,0,0,0
Austria,AUT,12,8858775,0,0,0,0
Australia,AUS,12,25203200,0,0,0,0
Azerbaijan,AZE,12,10047719,0,0,0,0
Belgium,BEL,12,11455519,0,0,0,0
Bahrain,BHR,12,1641164,0,0,0,0
Brazil,BRA,12,211049519,0,0,0,0
Belarus,BLR,12,9452409,0,0,0,0
Canada,CAN,12,37411038,0,0,0,0
Switzerland,CHE,12,8544527,0,0,0,0
China,CHN,12,1433783692,27,0,27,0
Czechia,CZE,12,10649800,0,0,0,0
Germany,DEU,12,83019213,0,0,0,0
Denmark,DNK,12,5806081,0,0,0,0
Dominican_Republic,DOM,12,10738957,0,0,0,0
Algeria,DZA,12,43053054,0,0,0,0
Ecuador,ECU,12,17373657,0,0,0,0
Estonia,EST,12,1324820,0,0,0,0
Egypt,EGY,12,100388076,0,0,0,0
Greece,GRC,12,10724599,0,0,0,0
Spain,ESP,12,46937060,0,0,0,0
Finland,FIN,12,5517919,0,0,0,0
France,FRA,12,67012883,0,0,0,0
Georgia,GEO,12,3996762,0,0,0,0
Croatia,HRV,12,4076246,0,0,0,0
Indonesia,IDN,12,270625567,0,0,0,0
Ireland,IRL,12,4904240,0,0,0,0
Israel,ISR,12,8519373,0,0,0,0
India,IND,12,1366417756,0,0,0,0
Iraq,IRQ,12,39309789,0,0,0,0
Iran,IRN,12,82913893,0,0,0,0
Iceland,ISL,12,356991,0,0,0,0
Italy,ITA,12,60359546,0,0,0,0
Japan,JPN,12,126860299,0,0,0,0
Cases_on_an_international_conveyance_Japan,,12,,0,0,0,0
Cambodia,KHM,12,16486542,0,0,0,0
South_Korea,KOR,12,51225321,0,0,0,0
Kuwait,KWT,12,4207077,0,0,0,0
Lebanon,LBN,12,6855709,0,0,0,0
Sri_Lanka,LKA,12,21323734,0,0,0,0
Lithuania,LTU,12,2794184,0,0,0,0
Luxembourg,LUX,12,613894,0,0,0,0
Monaco,MCO,12,33085,0,0,0,0
North_Macedonia,MKD,12,2077132,0,0,0,0
Mexico,MEX,12,127575529,0,0,0,0
Malaysia,MYS,12,31949789,0,0,0,0
Nigeria,NGA,12,200963603,0,0,0,0
Netherlands,NLD,12,17282163,0,0,0,0
Norway,NOR,12,5328212,0,0,0,0
Nepal,NPL,12,28608715,0,0,0,0
New_Zealand,NZL,12,4783062,0,0,0,0
Oman,OMN,12,4974992,0,0,0,0
Philippines,PHL,12,108116622,0,0,0,0
Pakistan,PAK,12,216565317,0,0,0,0
Qatar,QAT,12,2832071,0,0,0,0
Romania,ROU,12,19414458,0,0,0,0
Russia,RUS,12,145872260,0,0,0,0
Sweden,SWE,12,10230185,0,0,0,0
Singapore,SGP,12,5804343,0,0,0,0
San_Marino,SMR,12,34453,0,0,0,0
Thailand,THA,12,69625581,0,0,0,0
Taiwan,CNG1925,12,23773881,0,0,0,0
United_Kingdom,GBR,12,66647112,0,0,0,0
United_States_of_America,USA,12,329064917,0,0,0,0
Vietnam,VNM,12,96462108,0,0,0,0
Andorra,AND,3,76177,370,8,370,8
Andorra,AND,4,76177,373,34,743,42
Andorra,AND,5,76177,21,9,764,51
Andorra,AND,6,76177,91,1,855,52
Andorra,AND,7,76177,67,0,922,52
Andorra,AND,8,76177,202,1,1124,53
Andorra,AND,9,76177,842,0,1966,53
Andorra,AND,10,76177,2699,22,4665,75
Andorra,AND,11,76177,1207,1,5872,76
United_Arab_Emirates,ARE,1,9770526,4,0,4,0
United_Arab_Emirates,ARE,2,9770526,17,0,21,0
United_Arab_Emirates,ARE,3,9770526,590,5,611,5
United_Arab_Emirates,ARE,4,9770526,11318,93,11929,98
United_Arab_Emirates,ARE,7,9770526,12260,37,60506,351
United_Arab_Emirates,ARE,8,9770526,9184,31,69690,382
United_Arab_Emirates,ARE,9,9770526,23400,34,93090,416
United_Arab_Emirates,ARE,10,9770526,38418,74,131508,490
United_Arab_Emirates,ARE,11,9770526,18837,40,150345,530
Afghanistan,AFG,1,38041757,0,0,0,0
Afghanistan,AFG,2,38041757,1,0,1,0
Afghanistan,AFG,3,38041757,140,4,141,4
Afghanistan,AFG,4,38041757,1808,56,1949,60
Afghanistan,AFG,9,38041757,1092,56,39254,1458
Afghanistan,AFG,10,38041757,2171,78,41425,1536
Antigua_and_Barbuda,ATG,3,97115,7,0,7,0
Antigua_and_Barbuda,ATG,4,97115,17,3,24,3
Antigua_and_Barbuda,ATG,5,97115,1,0,25,3
Antigua_and_Barbuda,ATG,6,97115,41,0,66,3
Antigua_and_Barbuda,ATG,7,97115,25,0,91,3
Antigua_and_Barbuda,ATG,8,97115,3,0,94,3
Antigua_and_Barbuda,ATG,9,97115,7,0,101,3
Antigua_and_Barbuda,ATG,10,97115,26,0,127,3
Antigua_and_Barbuda,ATG,11,97115,7,1,134,4
Anguilla,AIA,3,14872,2,0,2,0
Anguilla,AIA,4,14872,1,0,3,0
Anguilla,AIA,5,14872,0,0,3,0
Anguilla,AIA,6,14872,0,0,3,0
Anguilla,AIA,7,14872,0,0,3,0
Anguilla,AIA,8,14872,0,0,3,0
Anguilla,AIA,9,14872,0,0,3,0
Anguilla,AIA,10,14872,0,0,3,0
Anguilla,AIA,11,14872,0,0,3,0
Albania,ALB,3,2862427,223,12,223,12
Albania,ALB,4,2862427,543,19,766,31
Albania,ALB,5,2862427,356,2,1122,33
Albania,ALB,6,2862427,1344,25,2466,58
Albania,ALB,7,2862427,2731,96,5197,154
Albania,ALB,9,2862427,4138,104,13518,384
Armenia,ARM,1,2957728,0,0,0,0
Armenia,ARM,2,2957728,0,0,0,0
Armenia,ARM,3,2957728,532,3,532,3
Armenia,ARM,4,2957728,1534,29,2066,32
Armenia,ARM,8,2957728,5200,139,43750,877
Angola,AGO,3,31825299,7,2,7,2
Angola,AGO,4,31825299,20,0,27,2
Angola,AGO,5,31825299,57,2,84,4
Angola,AGO,6,31825299,192,7,276,11
Angola,AGO,7,31825299,802,37,1078,48
Angola,AGO,8,31825299,1546,59,2624,107
Angola,AGO,9,31825299,2281,72,4905,179
Angola,AGO,10,31825299,5364,96,10269,275
Angola,AGO,11,31825299,3105,47,13374,322
Argentina,ARG,3,44780675,966,24,966,24
Austria,AUT,1,8858775,0,0,0,0
Austria,AUT,2,8858775,7,0,7,0
Austria,AUT,6,8858775,1028,35,17666,703
Austria,AUT,7,8858775,3343,15,21009,718
Austria,AUT,8,8858775,6209,15,27218,733
Austria,AUT,9,8858775,17389,63,44607,796
Australia,AUS,1,25203200,7,0,7,0
Australia,AUS,2,25203200,18,0,25,0
Australia,AUS,3,25203200,4532,19,4557,19
Australia,AUS,4,25203200,2189,71,6746,90
Australia,AUS,5,25203200,439,12,7185,102
Australia,AUS,6,25203200,582,2,7767,104
Australia,AUS,7,25203200,8536,85,16303,189
Australia,AUS,10,25203200,519,25,27582,907
Australia,AUS,11,25203200,143,0,27725,907
Aruba,ABW,3,106310,50,0,50,0
Aruba,ABW,4,106310,50,2,100,2
Aruba,ABW,5,106310,1,1,101,3
Aruba,ABW,6,106310,2,0,103,3
Aruba,ABW,7,106310,17,0,120,3
Aruba,ABW,8,106310,1877,7,1997,10
Aruba,ABW,9,106310,1937,16,3934,26
Aruba,ABW,10,106310,538,11,4472,37
Aruba,ABW,11,106310,190,7,4662,44
Azerbaijan,AZE,1,10047719,0,0,0,0
Azerbaijan,AZE,2,10047719,1,0,1,0
Azerbaijan,AZE,3,10047719,272,4,273,4
Azerbaijan,AZE,4,10047719,1493,19,1766,23
Azerbaijan,AZE,5,10047719,3480,38,5246,61
Azerbaijan,AZE,8,10047719,4749,90,36309,531
Azerbaijan,AZE,10,10047719,14055,128,54174,718
Bosnia_and_Herzegovina,BIH,3,3300998,353,8,353,8
Bosnia_and_Herzegovina,BIH,4,3300998,1336,56,1689,64
Bosnia_and_Herzegovina,BIH,5,3300998,804,88,2493,152
Bosnia_and_Herzegovina,BIH,6,3300998,1850,31,4343,183
Barbados,BRB,3,287021,34,0,34,0
Barbados,BRB,4,287021,46,7,80,7
Barbados,BRB,5,287021,12,0,92,7
Barbados,BRB,6,287021,5,0,97,7
Barbados,BRB,7,287021,13,0,110,7
Barbados,BRB,8,287021,63,0,173,7
Barbados,BRB,9,287021,17,0,190,7
Barbados,BRB,10,287021,46,0,236,7
Barbados,BRB,11,287021,14,0,250,7
Bangladesh,BGD,3,163046173,49,5,49,5
Belgium,BEL,1,11455519,0,0,0,0
Belgium,BEL,2,11455519,1,0,1,0
Belgium,BEL,7,11455519,7706,79,69592,9711
Burkina_Faso,BFA,3,20321383,222,12,222,12
Burkina_Faso,BFA,4,20321383,419,31,641,43
Burkina_Faso,BFA,5,20321383,212,10,853,53
Burkina_Faso,BFA,6,20321383,106,0,959,53
Burkina_Faso,BFA,7,20321383,158,0,1117,53
Burkina_Faso,BFA,8,20321383,251,2,1368,55
Burkina_Faso,BFA,9,20321383,664,3,2032,58
Burkina_Faso,BFA,10,20321383,445,9,2477,67
Burkina_Faso,BFA,11,20321383,164,1,2641,68
Bulgaria,BGR,3,7000039,359,8,359,8
Bulgaria,BGR,4,7000039,1088,56,1447,64
Bulgaria,BGR,5,7000039,1066,76,2513,140
Bulgaria,BGR,6,7000039,2318,83,4831,223
Bulgaria,BGR,7,7000039,6589,151,11420,374
Bahrain,BHR,1,1641164,0,0,0,0
Bahrain,BHR,2,1641164,38,0,38,0
Bahrain,BHR,3,1641164,477,4,515,4
Bahrain,BHR,4,1641164,2406,4,2921,8
Bahrain,BHR,5,1641164,7872,9,10793,17
Bahrain,BHR,6,1641164,15446,67,26239,84
Bahrain,BHR,7,1641164,14516,62,40755,146
Bahrain,BHR,8,1641164,10819,43,51574,189
Bahrain,BHR,9,1641164,18848,57,70422,246
Bahrain,BHR,10,1641164,11044,73,81466,319
Bahrain,BHR,11,1641164,3237,16,84703,335
Burundi,BDI,4,11530577,15,1,15,1
Burundi,BDI,5,11530577,27,0,42,1
Burundi,BDI,6,11530577,128,0,170,1
Burundi,BDI,7,11530577,217,0,387,1
Burundi,BDI,8,11530577,58,0,445,1
Burundi,BDI,9,11530577,61,0,506,1
Burundi,BDI,10,11530577,76,0,582,1
Burundi,BDI,11,11530577,46,0,628,1
Benin,BEN,3,11801151,6,0,6,0
Benin,BEN,4,11801151,63,2,69,2
Benin,BEN,5,11801151,163,1,339,3
Benin,BEN,6,11801151,955,16,1187,19
Benin,BEN,7,11801151,583,16,1770,35
Benin,BEN,8,11801151,375,5,2145,40
Benin,BEN,9,11801151,195,0,2340,40
Benin,BEN,10,11801151,303,1,2643,41
Benin,BEN,11,11801151,201,2,2844,43
Bermuda,BMU,3,62508,27,0,27,0
Bermuda,BMU,4,62508,84,6,111,6
Bermuda,BMU,5,62508,29,3,140,9
Bermuda,BMU,6,62508,6,0,146,9
Bermuda,BMU,7,62508,10,0,156,9
Bermuda,BMU,8,62508,13,0,169,9
Bermuda,BMU,9,62508,12,0,181,9
Bermuda,BMU,10,62508,18,0,199,9
Bermuda,BMU,11,62508,23,0,222,9
Brunei_Darussalam,BRN,3,433296,127,1,127,1
Brunei_Darussalam,BRN,4,433296,11,0,138,1
Brunei_Darussalam,BRN,5,433296,3,1,141,2
Brunei_Darussalam,BRN,6,433296,0,1,141,3
Brunei_Darussalam,BRN,7,433296,0,0,141,3
Brunei_Darussalam,BRN,8,433296,3,0,144,3
Brunei_Darussalam,BRN,9,433296,2,0,146,3
Brunei_Darussalam,BRN,10,433296,2,0,148,3
Brunei_Darussalam,BRN,11,433296,0,0,148,3
Bolivia,BOL,3,11513102,107,6,107,6
Bolivia,BOL,4,11513102,1003,53,1110,59
"Bonaire, Saint Eustatius and Saba",BES,4,25983,6,0,6,0
"Bonaire, Saint Eustatius and Saba",BES,5,25983,1,0,7,0
"Bonaire, Saint Eustatius and Saba",BES,6,25983,0,0,7,0
"Bonaire, Saint Eustatius and Saba",BES,7,25983,4,0,11,0
"Bonaire, Saint Eustatius and Saba",BES,8,25983,4,0,15,0
"Bonaire, Saint Eustatius and Saba",BES,9,25983,91,1,106,1
"Bonaire, Saint Eustatius and Saba",BES,10,25983,47,2,153,3
"Bonaire, Saint Eustatius and Saba",BES,11,25983,2,0,155,3
Brazil,BRA,1,211049519,0,0,0,0
Brazil,BRA,2,211049519,1,0,1,0
Bahamas,BHS,3,389486,14,0,14,0
Bahamas,BHS,4,389486,66,11,80,11
Bahamas,BHS,5,389486,22,0,102,11
Bahamas,BHS,6,389486,2,0,104,11
Bahamas,BHS,7,389486,404,3,508,14
Bahamas,BHS,8,389486,1659,29,2167,43
Bahamas,BHS,9,389486,1736,48,3903,91
Bahamas,BHS,10,389486,2741,51,6644,142
Bahamas,BHS,11,389486,542,14,7186,156
Bhutan,BTN,3,763094,4,0,4,0
Bhutan,BTN,4,763094,3,0,7,0
Bhutan,BTN,5,763094,36,0,43,0
Bhutan,BTN,6,763094,34,0,77,0
Bhutan,BTN,7,763094,24,0,101,0
Bhutan,BTN,8,763094,123,0,224,0
Bhutan,BTN,9,763094,57,0,281,0
Bhutan,BTN,10,763094,67,0,348,0
Bhutan,BTN,11,763094,27,0,375,0
Botswana,BWA,4,2303703,23,1,23,1
Botswana,BWA,5,2303703,12,0,35,1
Botswana,BWA,6,2303703,140,0,175,1
Botswana,BWA,7,2303703,629,1,804,2
Botswana,BWA,8,2303703,829,4,1633,6
Botswana,BWA,9,2303703,1539,10,3172,16
Botswana,BWA,10,2303703,3470,8,6642,24
Botswana,BWA,11,2303703,1583,3,8225,27
Belarus,BLR,1,9452409,0,0,0,0
Belarus,BLR,2,9452409,1,0,1,0
Belarus,BLR,3,9452409,104,0,105,0
Belarus,BLR,4,9452409,13076,84,13181,84
Belarus,BLR,7,9452409,5875,166,67665,553
Belarus,BLR,10,9452409,19239,149,97499,977
Belize,BLZ,3,390351,3,0,3,0
Belize,BLZ,4,390351,15,2,18,2
Belize,BLZ,5,390351,0,0,18,2
Belize,BLZ,6,390351,6,0,24,2
Belize,BLZ,7,390351,24,0,48,2
Belize,BLZ,8,390351,946,11,994,13
Belize,BLZ,9,390351,949,13,1943,26
Belize,BLZ,10,390351,1519,32,3462,58
Belize,BLZ,11,390351,1399,32,4861,90
Canada,CAN,1,37411038,3,0,3,0
Canada,CAN,2,37411038,13,0,16,0
Canada,CAN,9,37411038,29021,174,156961,9291
Democratic_Republic_of_the_Congo,COD,3,86790568,98,8,98,8
Democratic_Republic_of_the_Congo,COD,4,86790568,402,23,500,31
Democratic_Republic_of_the_Congo,COD,5,86790568,2466,38,2966,69
Democratic_Republic_of_the_Congo,COD,6,86790568,3973,98,6939,167
Democratic_Republic_of_the_Congo,COD,7,86790568,2071,47,9010,214
Democratic_Republic_of_the_Congo,COD,8,86790568,1034,43,10044,257
Democratic_Republic_of_the_Congo,COD,9,86790568,586,14,10630,271
Democratic_Republic_of_the_Congo,COD,11,86790568,484,13,11789,319
Central_African_Republic,CAF,3,4745179,6,0,6,0
Central_African_Republic,CAF,4,4745179,44,0,50,0
Central_African_Republic,CAF,5,4745179,912,1,962,1
Central_African_Republic,CAF,6,4745179,2651,46,3613,47
Central_African_Republic,CAF,7,4745179,992,12,4605,59
Central_African_Republic,CAF,8,4745179,95,2,4700,61
Central_African_Republic,CAF,9,4745179,125,1,4825,62
Central_African_Republic,CAF,10,4745179,41,0,4866,62
Central_African_Republic,CAF,11,4745179,34,1,4900,63
Congo,COG,3,5380504,19,0,19,0
Congo,COG,4,5380504,201,9,220,9
Congo,COG,5,5380504,367,10,587,19
Congo,COG,6,5380504,658,21,1245,40
Congo,COG,7,5380504,2131,16,3376,56
Congo,COG,9,5380504,1110,11,5089,89
Congo,COG,10,5380504,201,3,5290,92
Congo,COG,11,5380504,89,0,5379,92
Switzerland,CHE,1,8544527,0,0,0,0
Switzerland,CHE,2,8544527,12,0,12,0
Switzerland,CHE,6,8544527,807,25,31569,1681
Switzerland,CHE,7,8544527,3364,22,34933,1703
Switzerland,CHE,8,8544527,6973,21,41906,1724
Switzerland,CHE,9,8544527,10845,57,52751,1781
Cote_dIvoire,CIV,3,25716554,168,1,168,1
Cote_dIvoire,CIV,4,25716554,1070,13,1238,14
Cote_dIvoire,CIV,5,25716554,1561,19,2799,33
Cote_dIvoire,CIV,6,25716554,6415,33,9214,66
Cote_dIvoire,CIV,7,25716554,6764,34,15978,100
Cote_dIvoire,CIV,8,25716554,1970,15,17948,115
Cote_dIvoire,CIV,9,25716554,1721,5,19669,120
Cote_dIvoire,CIV,10,25716554,1023,4,20692,124
Cote_dIvoire,CIV,11,25716554,284,4,20976,128
Chile,CHL,3,18952035,2449,8,2449,8
Cameroon,CMR,3,25876387,142,2,142,2
Cameroon,CMR,8,25876387,1887,24,19142,411
Cameroon,CMR,9,25876387,1696,7,20838,418
Cameroon,CMR,10,25876387,955,8,21793,426
Cameroon,CMR,11,25876387,899,7,22692,433
China,CHN,5,1433783692,184,1,84128,4638
China,CHN,6,1433783692,652,3,84780,4641
China,CHN,7,1433783692,2709,18,87489,4659
China,CHN,8,1433783692,2406,63,89895,4722
China,CHN,9,1433783692,633,17,90528,4739
China,CHN,10,1433783692,771,0,91299,4739
China,CHN,11,1433783692,337,0,91636,4739
Colombia,COL,3,50339443,798,14,798,14
Costa_Rica,CRI,3,5047561,330,2,330,2
Costa_Rica,CRI,4,5047561,383,4,713,6
Costa_Rica,CRI,5,5047561,334,4,1047,10
Costa_Rica,CRI,6,5047561,2222,5,3269,15
Costa_Rica,CRI,7,5047561,14021,125,17290,140
Cuba,CUB,3,11333484,170,4,170,4
Cuba,CUB,4,11333484,1297,54,1467,58
Cuba,CUB,5,11333484,558,25,2025,83
Cuba,CUB,6,11333484,315,3,2340,86
Cuba,CUB,7,11333484,257,1,2597,87
Cuba,CUB,8,11333484,1376,7,3973,94
Cuba,CUB,9,11333484,1558,28,5531,122
Cuba,CUB,10,11333484,1270,6,6801,128
Cuba,CUB,11,11333484,789,3,7590,131
Cape_Verde,CPV,3,549936,5,1,5,1
Cape_Verde,CPV,4,549936,108,0,113,1
Cape_Verde,CPV,5,549936,308,3,421,4
Cape_Verde,CPV,6,549936,744,8,1165,12
Cape_Verde,CPV,7,549936,1208,11,2373,23
Cape_Verde,CPV,8,549936,1479,17,3852,40
Cape_Verde,CPV,9,549936,2048,19,5900,59
Cape_Verde,CPV,10,549936,2794,36,8694,95
Cape_Verde,CPV,11,549936,1128,8,9822,103
Curaçao,CUW,3,163423,9,1,9,1
Curaçao,CUW,4,163423,7,0,16,1
Curaçao,CUW,5,163423,3,0,19,1
Curaçao,CUW,6,163423,5,0,24,1
Curaçao,CUW,7,163423,5,0,29,1
Curaçao,CUW,8,163423,28,0,57,1
Curaçao,CUW,9,163423,313,0,370,1
Curaçao,CUW,10,163423,574,0,944,1
Curaçao,CUW,11,163423,396,1,1340,2
Cyprus,CYP,3,875899,230,7,230,7
Cyprus,CYP,4,875899,613,8,843,15
Cyprus,CYP,5,875899,100,2,943,17
Cyprus,CYP,6,875899,53,2,996,19
Cyprus,CYP,7,875899,88,0,1084,19
Cyprus,CYP,8,875899,403,2,1487,21
Cyprus,CYP,9,875899,256,1,1743,22
Cyprus,CYP,10,875899,2474,3,4217,25
Cyprus,CYP,11,875899,2961,15,7178,40
Czechia,CZE,1,10649800,0,0,0,0
Czechia,CZE,2,10649800,0,0,0,0
Czechia,CZE,3,10649800,3002,24,3002,24
Czechia,CZE,5,10649800,1651,92,9230,319
Czechia,CZE,6,10649800,2575,29,11805,348
Czechia,CZE,8,10649800,8025,44,24367,423
Germany,DEU,1,83019213,5,0,5,0
Germany,DEU,2,83019213,52,0,57,0
Germany,DEU,7,83019213,14439,168,208698,9141
Djibouti,DJI,3,973557,26,0,26,0
Djibouti,DJI,4,973557,1051,2,1077,2
Djibouti,DJI,5,973557,2117,20,3194,22
Djibouti,DJI,6,973557,1462,31,4656,53
Djibouti,DJI,7,973557,425,5,5081,58
Djibouti,DJI,8,973557,304,2,5385,60
Djibouti,DJI,9,973557,31,1,5416,61
Djibouti,DJI,10,973557,143,0,5559,61
Djibouti,DJI,11,973557,90,0,5649,61
Denmark,DNK,1,5806081,0,0,0,0
Denmark,DNK,2,5806081,2,0,2,0
Denmark,DNK,3,5806081,2575,77,2577,77
Denmark,DNK,5,5806081,2625,128,11633,571
Denmark,DNK,6,5806081,1118,34,12751,605
Denmark,DNK,7,5806081,974,10,13725,615
Denmark,DNK,8,5806081,2975,9,16700,624
Denmark,DNK,9,5806081,10764,26,27464,650
Denmark,DNK,10,5806081,17761,69,45225,719
Dominica,DMA,3,71808,11,0,11,0
Dominica,DMA,4,71808,5,0,16,0
Dominica,DMA,5,71808,0,0,16,0
Dominica,DMA,6,71808,2,0,18,0
Dominica,DMA,7,71808,0,0,18,0
Dominica,DMA,8,71808,2,0,20,0
Dominica,DMA,9,71808,4,0,24,0
Dominica,DMA,10,71808,18,0,42,0
Dominica,DMA,11,71808,26,0,68,0
Dominican_Republic,DOM,1,10738957,0,0,0,0
Dominican_Republic,DOM,2,10738957,0,0,0,0
Dominican_Republic,DOM,3,10738957,901,42,901,42
Dominican_Republic,DOM,5,10738957,10256,205,16908,498
Algeria,DZA,1,43053054,0,0,0,0
Algeria,DZA,2,43053054,1,0,1,0
Algeria,DZA,3,43053054,583,35,584,35
Ecuador,ECU,1,17373657,0,0,0,0
Ecuador,ECU,2,17373657,0,0,0,0
Ecuador,ECU,3,17373657,1966,62,1966,62
Estonia,EST,1,1324820,0,0,0,0
Estonia,EST,2,1324820,1,0,1,0
Estonia,EST,3,1324820,714,3,715,3
Estonia,EST,4,1324820,951,47,1666,50
Estonia,EST,5,1324820,199,13,1865,63
Estonia,EST,6,1324820,122,0,1987,63
Estonia,EST,7,1324820,64,0,2051,63
Estonia,EST,8,1324820,322,1,2373,64
Estonia,EST,9,1324820,942,0,3315,64
Estonia,EST,10,1324820,1456,9,4771,73
Estonia,EST,11,1324820,2866,8,7637,81
Egypt,EGY,1,100388076,0,0,0,0
Egypt,EGY,2,100388076,1,0,1,0
Egypt,EGY,3,100388076,608,40,609,40
Western_Sahara,ESH,4,582458,6,0,6,0
Western_Sahara,ESH,5,582458,17,1,23,1
Western_Sahara,ESH,6,582458,185,0,208,1
Western_Sahara,ESH,7,582458,558,0,766,1
Western_Sahara,ESH,8,582458,0,0,766,1
Western_Sahara,ESH,9,582458,0,0,766,1
Western_Sahara,ESH,10,582458,0,0,766,1
Western_Sahara,ESH,11,582458,0,0,766,1
Greece,GRC,1,10724599,0,0,0,0
Greece,GRC,2,10724599,4,0,4,0
Greece,GRC,3,10724599,1208,43,1212,43
Greece,GRC,4,10724599,1364,96,2576,139
Greece,GRC,5,10724599,339,36,2915,175
Greece,GRC,6,10724599,475,16,3390,191
Greece,GRC,7,10724599,1011,12,4401,203
Greece,GRC,8,10724599,5733,59,10134,262
Eritrea,ERI,3,3497117,12,0,12,0
Eritrea,ERI,4,3497117,27,0,39,0
Eritrea,ERI,5,3497117,0,0,39,0
Eritrea,ERI,6,3497117,152,0,191,0
Eritrea,ERI,7,3497117,88,0,279,0
Eritrea,ERI,8,3497117,39,0,318,0
Eritrea,ERI,9,3497117,57,0,375,0
Eritrea,ERI,10,3497117,86,0,461,0
Eritrea,ERI,11,3497117,32,0,493,0
Spain,ESP,1,46937060,0,0,0,0
Spain,ESP,2,46937060,54,0,54,0
Ethiopia,ETH,3,112078727,23,0,23,0
Ethiopia,ETH,4,112078727,107,3,130,3
Ethiopia,ETH,5,112078727,933,5,1063,8
Ethiopia,ETH,6,112078727,4783,95,5846,103
Finland,FIN,1,5517919,1,0,1,0
Finland,FIN,2,5517919,2,0,3,0
Finland,FIN,3,5517919,1310,13,1313,13
Finland,FIN,5,5517919,1920,110,6826,316
Finland,FIN,6,5517919,383,12,7209,328
Finland,FIN,7,5517919,214,1,7423,329
Finland,FIN,8,5517919,654,6,8077,335
Finland,FIN,9,5517919,1815,8,9892,343
Finland,FIN,10,5517919,6018,15,15910,358
Finland,FIN,11,5517919,3405,11,19315,369
Fiji,FJI,3,889955,5,0,5,0
Fiji,FJI,4,889955,13,0,18,0
Fiji,FJI,5,889955,0,0,18,0
Fiji,FJI,6,889955,0,0,18,0
Fiji,FJI,7,889955,9,0,27,0
Fiji,FJI,8,889955,1,2,28,2
Fiji,FJI,9,889955,4,0,32,2
Fiji,FJI,10,889955,2,0,34,2
Fiji,FJI,11,889955,1,0,35,2
Falkland_Islands_(Malvinas),FLK,4,3372,13,0,13,0
Falkland_Islands_(Malvinas),FLK,5,3372,0,0,13,0
Falkland_Islands_(Malvinas),FLK,6,3372,0,0,13,0
Falkland_Islands_(Malvinas),FLK,7,3372,0,0,13,0
Falkland_Islands_(Malvinas),FLK,8,3372,0,0,13,0
Falkland_Islands_(Malvinas),FLK,9,3372,0,0,13,0
Falkland_Islands_(Malvinas),FLK,10,3372,0,0,13,0
Falkland_Islands_(Malvinas),FLK,11,3372,2,0,15,0
Faroe_Islands,FRO,3,48677,168,0,168,0
Faroe_Islands,FRO,4,48677,19,0,187,0
Faroe_Islands,FRO,5,48677,0,0,187,0
Faroe_Islands,FRO,6,48677,0,0,187,0
Faroe_Islands,FRO,7,48677,33,0,220,0
Faroe_Islands,FRO,8,48677,191,0,411,0
Faroe_Islands,FRO,9,48677,52,0,463,0
Faroe_Islands,FRO,10,48677,31,0,494,0
Faroe_Islands,FRO,11,48677,4,0,498,0
France,FRA,1,67012883,6,0,6,0
France,FRA,2,67012883,51,2,57,2
Gabon,GAB,3,2172578,7,1,7,1
Gabon,GAB,4,2172578,269,2,276,3
Gabon,GAB,5,2172578,2379,14,2655,17
Gabon,GAB,6,2172578,2739,25,5394,42
Gabon,GAB,7,2172578,1958,7,7352,49
Gabon,GAB,8,2172578,1153,4,8505,53
Gabon,GAB,9,2172578,247,1,8752,54
Gabon,GAB,10,2172578,216,1,8968,55
Gabon,GAB,11,2172578,94,3,9062,58
Grenada,GRD,3,112002,9,0,9,0
Grenada,GRD,4,112002,11,0,20,0
Grenada,GRD,5,112002,3,0,23,0
Grenada,GRD,6,112002,0,0,23,0
Grenada,GRD,7,112002,1,0,24,0
Grenada,GRD,8,112002,0,0,24,0
Grenada,GRD,9,112002,0,0,24,0
Grenada,GRD,10,112002,4,0,28,0
Grenada,GRD,11,112002,4,0,32,0
Georgia,GEO,1,3996762,0,0,0,0
Georgia,GEO,2,3996762,2,0,2,0
Georgia,GEO,3,3996762,96,0,98,0
Georgia,GEO,4,3996762,419,6,517,6
Georgia,GEO,5,3996762,240,6,757,12
Georgia,GEO,6,3996762,171,3,928,15
Georgia,GEO,7,3996762,232,2,1160,17
Georgia,GEO,8,3996762,327,2,1487,19
Georgia,GEO,9,3996762,4379,14,5866,33
Guernsey,GGY,3,64468,45,0,45,0
Guernsey,GGY,4,64468,206,13,251,13
Guernsey,GGY,5,64468,1,0,252,13
Guernsey,GGY,6,64468,0,0,252,13
Guernsey,GGY,7,64468,0,0,252,13
Guernsey,GGY,8,64468,0,0,252,13
Guernsey,GGY,9,64468,4,0,256,13
Guernsey,GGY,10,64468,11,0,267,13
Guernsey,GGY,11,64468,15,0,282,13
Ghana,GHA,3,30417858,152,5,152,5
Ghana,GHA,4,30417858,1519,11,1671,16
Ghana,GHA,5,30417858,6097,19,7768,35
Ghana,GHA,7,30417858,17791,63,35142,175
Ghana,GHA,8,30417858,9063,101,44205,276
Ghana,GHA,9,30417858,2277,25,46482,301
Ghana,GHA,10,30417858,1573,19,48055,320
Ghana,GHA,11,30417858,2068,2,50123,322
Gibraltar,GIB,3,33706,69,0,69,0
Gibraltar,GIB,4,33706,72,0,141,0
Gibraltar,GIB,5,33706,20,0,161,0
Gibraltar,GIB,6,33706,16,0,177,0
Gibraltar,GIB,7,33706,10,0,187,0
Gibraltar,GIB,8,33706,98,0,285,0
Gibraltar,GIB,9,33706,106,0,391,0
Gibraltar,GIB,10,33706,302,0,693,0
Gibraltar,GIB,11,33706,209,1,902,1
Greenland,GRL,3,56660,10,0,10,0
Greenland,GRL,4,56660,1,0,11,0
Greenland,GRL,5,56660,2,0,13,0
Greenland,GRL,6,56660,0,0,13,0
Greenland,GRL,7,56660,1,0,14,0
Greenland,GRL,8,56660,0,0,14,0
Greenland,GRL,9,56660,0,0,14,0
Greenland,GRL,10,56660,3,0,17,0
Greenland,GRL,11,56660,0,0,17,0
Gambia,GMB,3,2347696,4,1,4,1
Gambia,GMB,4,2347696,7,0,11,1
Gambia,GMB,5,2347696,14,0,25,1
Gambia,GMB,6,2347696,22,1,47,2
Gambia,GMB,7,2347696,356,6,403,8
Gambia,GMB,9,2347696,616,16,3579,112
Gambia,GMB,10,2347696,91,7,3670,119
Gambia,GMB,11,2347696,32,3,3702,122
Guinea,GIN,3,12771246,16,0,16,0
Guinea,GIN,4,12771246,1335,7,1351,7
Guinea,GIN,5,12771246,2355,16,3706,23
Guinea,GIN,6,12771246,1645,8,5351,31
Guinea,GIN,7,12771246,1891,15,7242,46
Guinea,GIN,8,12771246,2129,13,9371,59
Guinea,GIN,9,12771246,1263,7,10634,66
Guinea,GIN,10,12771246,1438,6,12072,72
Guinea,GIN,11,12771246,539,3,12611,75
Equatorial_Guinea,GNQ,3,1355982,14,0,14,0
Equatorial_Guinea,GNQ,4,1355982,301,1,315,1
Equatorial_Guinea,GNQ,5,1355982,991,11,1306,12
Equatorial_Guinea,GNQ,9,1355982,89,0,5030,83
Equatorial_Guinea,GNQ,10,1355982,58,0,5088,83
Equatorial_Guinea,GNQ,11,1355982,16,2,5104,85
Guatemala,GTM,3,17581476,36,1,36,1
Guatemala,GTM,4,17581476,549,15,585,16
Guatemala,GTM,5,17581476,4154,86,4739,102
Guam,GUM,3,167295,60,1,60,1
Guam,GUM,4,167295,85,4,145,5
Guam,GUM,5,167295,28,0,173,5
Guam,GUM,6,167295,84,0,257,5
Guam,GUM,7,167295,99,0,356,5
Guam,GUM,8,167295,991,5,1347,10
Guam,GUM,9,167295,1096,37,2443,47
Guam,GUM,10,167295,2238,32,4681,79
Guam,GUM,11,167295,1440,19,6121,98
Guinea_Bissau,GNB,3,1920917,2,0,2,0
Guinea_Bissau,GNB,4,1920917,75,1,77,1
Guinea_Bissau,GNB,5,1920917,1179,7,1256,8
Guinea_Bissau,GNB,6,1920917,358,13,1614,21
Guinea_Bissau,GNB,7,1920917,367,5,1981,26
Guinea_Bissau,GNB,8,1920917,224,8,2205,34
Guinea_Bissau,GNB,9,1920917,119,5,2324,39
Guinea_Bissau,GNB,10,1920917,79,2,2403,41
Guinea_Bissau,GNB,11,1920917,16,2,2419,43
Guyana,GUY,3,782775,8,1,8,1
Guyana,GUY,4,782775,70,7,78,8
Guyana,GUY,5,782775,74,4,152,12
Guyana,GUY,6,782775,83,0,235,12
Guyana,GUY,7,782775,166,8,401,20
Guyana,GUY,8,782775,833,17,1234,37
Guyana,GUY,9,782775,1612,41,2846,78
Guyana,GUY,10,782775,1297,46,4143,124
Guyana,GUY,11,782775,680,15,4823,139
Honduras,HND,3,9746115,141,7,141,7
Honduras,HND,4,9746115,630,64,771,71
Honduras,HND,5,9746115,4323,130,5094,201
Croatia,HRV,1,4076246,0,0,0,0
Croatia,HRV,2,4076246,5,0,5,0
Croatia,HRV,3,4076246,785,6,790,6
Croatia,HRV,4,4076246,1272,61,2062,67
Croatia,HRV,5,4076246,184,36,2246,103
Croatia,HRV,6,4076246,479,4,2725,107
Croatia,HRV,7,4076246,2346,37,5071,144
Croatia,HRV,8,4076246,5052,40,10123,184
Croatia,HRV,9,4076246,6257,91,16380,275
Haiti,HTI,3,11263079,15,0,15,0
Haiti,HTI,4,11263079,61,6,76,6
Haiti,HTI,5,11263079,1789,35,1865,41
Haiti,HTI,6,11263079,4068,64,5933,105
Haiti,HTI,7,11263079,1479,56,7412,161
Haiti,HTI,8,11263079,797,40,8209,201
Haiti,HTI,9,11263079,538,28,8747,229
Haiti,HTI,10,11263079,307,3,9054,232
Haiti,HTI,11,11263079,125,0,9179,232
Hungary,HUN,3,9772756,492,16,492,16
Hungary,HUN,5,9772756,1092,212,3867,524
Hungary,HUN,6,9772756,278,61,4145,585
Hungary,HUN,7,9772756,360,11,4505,596
Hungary,HUN,8,9772756,1456,18,5961,614
Hungary,HUN,9,9772756,20500,151,26461,765
Indonesia,IDN,1,270625567,0,0,0,0
Indonesia,IDN,2,270625567,0,0,0,0
Ireland,IRL,1,4904240,0,0,0,0
Ireland,IRL,2,4904240,0,0,0,0
Ireland,IRL,6,4904240,533,85,25462,1735
Ireland,IRL,7,4904240,565,28,26027,1763
Ireland,IRL,8,4904240,2733,14,28760,1777
Ireland,IRL,9,4904240,6980,26,35740,1803
Israel,ISR,1,8519373,0,0,0,0
Israel,ISR,2,8519373,7,0,7,0
Israel,ISR,3,8519373,4466,17,4473,17
Israel,ISR,5,8519373,1178,69,17012,284
Israel,ISR,6,8519373,7429,35,24441,319
Isle_of_Man,IMN,3,84589,42,0,42,0
Isle_of_Man,IMN,4,84589,271,21,313,21
Isle_of_Man,IMN,5,84589,23,3,336,24
Isle_of_Man,IMN,6,84589,0,0,336,24
Isle_of_Man,IMN,7,84589,0,0,336,24
Isle_of_Man,IMN,8,84589,0,0,336,24
Isle_of_Man,IMN,9,84589,4,0,340,24
Isle_of_Man,IMN,10,84589,13,0,353,24
Isle_of_Man,IMN,11,84589,10,1,363,25
India,IND,1,1366417756,1,0,1,0
India,IND,2,1366417756,2,0,3,0
India,IND,3,1366417756,1248,32,1251,32
Iraq,IRQ,1,39309789,0,0,0,0
Iraq,IRQ,2,39309789,7,0,7,0
Iraq,IRQ,3,39309789,623,46,630,46
Iraq,IRQ,4,39309789,1373,46,2003,92
Iraq,IRQ,5,39309789,4176,103,6179,195
Iran,IRN,1,82913893,0,0,0,0
Iran,IRN,2,82913893,388,34,388,34
Iceland,ISL,1,356991,0,0,0,0
Iceland,ISL,2,356991,1,0,1,0
Iceland,ISL,3,356991,1085,2,1086,2
Iceland,ISL,4,356991,711,8,1797,10
Iceland,ISL,5,356991,9,0,1806,10
Iceland,ISL,6,356991,16,0,1822,10
Iceland,ISL,7,356991,50,0,1872,10
Iceland,ISL,8,356991,233,0,2105,10
Iceland,ISL,9,356991,590,0,2695,10
Iceland,ISL,10,356991,2102,2,4797,12
Iceland,ISL,11,356991,392,13,5189,25
Italy,ITA,1,60359546,3,0,3,0
Italy,ITA,2,60359546,885,21,888,21
Jersey,JEY,3,107796,63,2,63,2
Jersey,JEY,4,107796,223,19,286,21
Jersey,JEY,5,107796,22,8,308,29
Jersey,JEY,6,107796,11,2,319,31
Jersey,JEY,7,107796,16,0,335,31
Jersey,JEY,8,107796,39,1,374,32
Jersey,JEY,9,107796,35,0,409,32
Jersey,JEY,10,107796,165,0,574,32
Jersey,JEY,11,107796,158,0,732,32
Jamaica,JAM,3,2948277,38,1,38,1
Jamaica,JAM,4,2948277,358,6,396,7
Jamaica,JAM,5,2948277,185,2,581,9
Jamaica,JAM,6,2948277,117,1,698,10
Jamaica,JAM,7,2948277,166,0,864,10
Jamaica,JAM,8,2948277,1493,11,2357,21
Jamaica,JAM,9,2948277,4025,79,6382,100
Jamaica,JAM,10,2948277,2623,105,9005,205
Jamaica,JAM,11,2948277,879,26,9884,231
Jordan,JOR,3,10101697,268,5,268,5
Jordan,JOR,4,10101697,183,3,451,8
Jordan,JOR,5,10101697,283,1,734,9
Jordan,JOR,6,10101697,394,0,1128,9
Jordan,JOR,7,10101697,63,2,1223,11
Jordan,JOR,8,10101697,775,4,1966,15
Jordan,JOR,9,10101697,8083,42,10049,57
Japan,JPN,1,126860299,14,0,14,0
Japan,JPN,2,126860299,216,3,230,3
Japan,JPN,3,126860299,1723,53,1953,56
Japan,JPN,7,126860299,15181,33,33774,1005
Cases_on_an_international_conveyance_Japan,,1,,0,0,0,0
Cases_on_an_international_conveyance_Japan,,2,,705,6,705,6
Cases_on_an_international_conveyance_Japan,,3,,-9,1,705,7
Kenya,KEN,3,52573967,50,1,50,1
Kenya,KEN,4,52573967,334,14,384,15
Kenya,KEN,5,52573967,1504,48,1888,63
Kenya,KEN,9,52573967,4321,133,38378,707
Kyrgyzstan,KGZ,3,6415851,84,0,84,0
Kyrgyzstan,KGZ,4,6415851,662,8,746,8
Kyrgyzstan,KGZ,5,6415851,1002,8,1748,16
Kyrgyzstan,KGZ,6,6415851,3548,41,5296,57
Kyrgyzstan,KGZ,9,6415851,2771,6,46669,1064
Kyrgyzstan,KGZ,10,6415851,12209,81,58878,1145
Cambodia,KHM,1,16486542,1,0,1,0
Cambodia,KHM,2,16486542,0,0,1,0
Cambodia,KHM,3,16486542,108,0,109,0
Cambodia,KHM,4,16486542,13,0,122,0
Cambodia,KHM,5,16486542,3,0,125,0
Cambodia,KHM,6,16486542,16,0,141,0
Cambodia,KHM,7,16486542,93,0,234,0
Cambodia,KHM,8,16486542,40,0,274,0
Cambodia,KHM,9,16486542,3,0,277,0
Cambodia,KHM,10,16486542,13,0,290,0
Cambodia,KHM,11,16486542,12,0,302,0
Comoros,COM,5,850891,106,2,106,2
Comoros,COM,6,850891,166,5,272,7
Comoros,COM,7,850891,106,0,378,7
Comoros,COM,8,850891,45,0,423,7
Comoros,COM,9,850891,56,0,479,7
Comoros,COM,10,850891,58,0,537,7
Comoros,COM,11,850891,42,0,579,7
Saint_Kitts_and_Nevis,KNA,3,52834,7,0,7,0
Saint_Kitts_and_Nevis,KNA,4,52834,8,0,15,0
Saint_Kitts_and_Nevis,KNA,5,52834,0,0,15,0
Saint_Kitts_and_Nevis,KNA,6,52834,0,0,15,0
Saint_Kitts_and_Nevis,KNA,7,52834,2,0,17,0
Saint_Kitts_and_Nevis,KNA,8,52834,0,0,17,0
Saint_Kitts_and_Nevis,KNA,9,52834,2,0,19,0
Saint_Kitts_and_Nevis,KNA,10,52834,0,0,19,0
Saint_Kitts_and_Nevis,KNA,11,52834,0,0,19,0
South_Korea,KOR,1,51225321,7,0,7,0
South_Korea,KOR,2,51225321,2924,16,2931,16
South_Korea,KOR,3,51225321,6855,147,9786,163
South_Korea,KOR,4,51225321,979,84,10765,247
South_Korea,KOR,5,51225321,703,23,11468,270
South_Korea,KOR,6,51225321,1332,12,12800,282
South_Korea,KOR,7,51225321,1505,19,14305,301
South_Korea,KOR,8,51225321,5642,23,19947,324
South_Korea,KOR,9,51225321,3865,89,23812,413
South_Korea,KOR,10,51225321,2699,51,26511,464
South_Korea,KOR,11,51225321,2258,30,28769,494
Kuwait,KWT,1,4207077,0,0,0,0
Kuwait,KWT,2,4207077,45,0,45,0
Kuwait,KWT,3,4207077,221,0,266,0
Kuwait,KWT,4,4207077,3474,24,3740,24
Kuwait,KWT,5,4207077,22452,181,26192,205
Kuwait,KWT,7,4207077,21005,95,66529,445
Kuwait,KWT,8,4207077,18107,85,84636,530
Cayman_Islands,CYM,3,64948,12,1,12,1
Cayman_Islands,CYM,4,64948,61,0,73,1
Cayman_Islands,CYM,5,64948,68,0,141,1
Cayman_Islands,CYM,6,64948,58,0,199,1
Cayman_Islands,CYM,7,64948,4,0,203,1
Cayman_Islands,CYM,8,64948,2,0,205,1
Cayman_Islands,CYM,9,64948,6,0,211,1
Cayman_Islands,CYM,10,64948,29,0,240,1
Cayman_Islands,CYM,11,64948,14,0,254,1
Kazakhstan,KAZ,3,18551428,325,1,325,1
Kazakhstan,KAZ,4,18551428,2880,24,3205,25
Kazakhstan,KAZ,5,18551428,7653,13,10858,38
Laos,LAO,3,7169456,9,0,9,0
Laos,LAO,4,7169456,10,0,19,0
Laos,LAO,5,7169456,0,0,19,0
Laos,LAO,6,7169456,0,0,19,0
Laos,LAO,7,7169456,1,0,20,0
Laos,LAO,8,7169456,2,0,22,0
Laos,LAO,9,7169456,1,0,23,0
Laos,LAO,10,7169456,1,0,24,0
Laos,LAO,11,7169456,0,0,24,0
Lebanon,LBN,1,6855709,0,0,0,0
Lebanon,LBN,2,6855709,3,0,3,0
Lebanon,LBN,3,6855709,443,11,446,11
Lebanon,LBN,4,6855709,275,13,721,24
Lebanon,LBN,5,6855709,470,2,1191,26
Lebanon,LBN,6,6855709,554,8,1745,34
Lebanon,LBN,7,6855709,2589,23,4334,57
Lebanon,LBN,8,6855709,12536,103,16870,160
Saint_Lucia,LCA,3,182795,9,0,9,0
Saint_Lucia,LCA,4,182795,8,0,17,0
Saint_Lucia,LCA,5,182795,1,0,18,0
Saint_Lucia,LCA,6,182795,1,0,19,0
Saint_Lucia,LCA,7,182795,6,0,25,0
Saint_Lucia,LCA,8,182795,1,0,26,0
Saint_Lucia,LCA,9,182795,1,0,27,0
Saint_Lucia,LCA,10,182795,51,0,78,0
Saint_Lucia,LCA,11,182795,93,2,171,2
Liechtenstein,LIE,3,38378,64,0,64,0
Liechtenstein,LIE,4,38378,19,1,83,1
Liechtenstein,LIE,5,38378,0,0,83,1
Liechtenstein,LIE,6,38378,0,0,83,1
Liechtenstein,LIE,7,38378,6,0,89,1
Liechtenstein,LIE,8,38378,19,0,108,1
Liechtenstein,LIE,9,38378,12,0,120,1
Liechtenstein,LIE,10,38378,403,1,523,2
Liechtenstein,LIE,11,38378,462,2,985,4
Sri_Lanka,LKA,1,21323734,1,0,1,0
Sri_Lanka,LKA,2,21323734,0,0,1,0
Sri_Lanka,LKA,3,21323734,119,1,120,1
Sri_Lanka,LKA,4,21323734,529,6,649,7
Sri_Lanka,LKA,5,21323734,971,3,1620,10
Sri_Lanka,LKA,6,21323734,422,1,2042,11
Sri_Lanka,LKA,7,21323734,772,0,2814,11
Sri_Lanka,LKA,8,21323734,198,1,3012,12
Sri_Lanka,LKA,9,21323734,362,1,3374,13
Sri_Lanka,LKA,10,21323734,7050,6,10424,19
Sri_Lanka,LKA,11,21323734,6863,39,17287,58
Liberia,LBR,3,4937374,3,0,3,0
Liberia,LBR,4,4937374,138,16,141,16
Liberia,LBR,5,4937374,139,11,280,27
Liberia,LBR,6,4937374,490,9,770,36
Liberia,LBR,8,4937374,123,9,1304,82
Liberia,LBR,9,4937374,39,0,1343,82
Liberia,LBR,10,4937374,83,0,1426,82
Liberia,LBR,11,4937374,81,0,1507,82
Lesotho,LSO,5,2125267,2,0,2,0
Lesotho,LSO,6,2125267,25,0,27,0
Lesotho,LSO,7,2125267,577,13,604,13
Lesotho,LSO,8,2125267,462,18,1066,31
Lesotho,LSO,9,2125267,510,4,1576,35
Lesotho,LSO,10,2125267,371,8,1947,43
Lesotho,LSO,11,2125267,94,1,2041,44
Lithuania,LTU,1,2794184,0,0,0,0
Lithuania,LTU,2,2794184,1,0,1,0
Lithuania,LTU,3,2794184,483,7,484,7
Lithuania,LTU,4,2794184,891,38,1449,45
Lithuania,LTU,5,2794184,295,25,1670,70
Lithuania,LTU,6,2794184,146,8,1816,78
Lithuania,LTU,7,2794184,246,2,2062,80
Lithuania,LTU,8,2794184,812,6,2874,86
Lithuania,LTU,9,2794184,1704,6,4578,92
Lithuania,LTU,10,2794184,9245,65,13823,157
Luxembourg,LUX,1,613894,0,0,0,0
Luxembourg,LUX,2,613894,0,0,0,0
Luxembourg,LUX,3,613894,1988,22,1988,22
Luxembourg,LUX,4,613894,1781,67,3769,89
Luxembourg,LUX,5,613894,247,21,4016,110
Luxembourg,LUX,6,613894,240,0,4256,110
Luxembourg,LUX,7,613894,2360,4,6616,114
Luxembourg,LUX,8,613894,9,10,7928,124
Luxembourg,LUX,9,613894,1806,0,8431,124
Luxembourg,LUX,10,613894,8703,28,17134,152
Luxembourg,LUX,11,613894,9410,70,26544,222
Latvia,LVA,3,1919968,376,0,376,0
Latvia,LVA,4,1919968,473,15,849,15
Latvia,LVA,5,1919968,216,9,1065,24
Latvia,LVA,6,1919968,52,6,1117,30
Latvia,LVA,7,1919968,111,1,1228,31
Latvia,LVA,8,1919968,165,3,1393,34
Latvia,LVA,9,1919968,336,3,1729,37
Latvia,LVA,10,1919968,3950,32,5679,69
Latvia,LVA,11,1919968,4868,54,10547,123
Libya,LBY,3,6777453,8,0,8,0
Libya,LBY,4,6777453,53,2,61,2
Libya,LBY,5,6777453,69,3,130,5
Libya,LBY,6,6777453,632,16,762,21
Libya,LBY,7,6777453,2460,50,3222,71
Libya,LBY,8,6777453,10201,161,13423,232
Morocco,MAR,3,36471766,556,33,556,33
Morocco,MAR,5,36471766,3459,36,7780,204
Morocco,MAR,6,36471766,4510,21,12290,225
Morocco,MAR,7,36471766,10969,121,23259,346
Monaco,MCO,1,33085,0,0,0,0
Monaco,MCO,2,33085,1,0,1,0
Monaco,MCO,3,33085,35,0,36,0
Monaco,MCO,4,33085,30,1,66,1
Monaco,MCO,5,33085,1,0,67,1
Monaco,MCO,6,33085,3,0,70,1
Monaco,MCO,7,33085,14,0,84,1
Monaco,MCO,8,33085,47,0,131,1
Monaco,MCO,9,33085,83,0,214,1
Monaco,MCO,10,33085,141,0,355,1
Monaco,MCO,11,33085,193,0,548,1
Moldova,MDA,3,4043258,298,2,298,2
Moldova,MDA,4,4043258,3473,109,3771,111
Montenegro,MNE,3,622182,91,1,91,1
Montenegro,MNE,4,622182,231,6,322,7
Montenegro,MNE,5,622182,2,2,324,9
Montenegro,MNE,6,622182,177,2,501,11
Montenegro,MNE,7,622182,2572,37,3073,48
Montenegro,MNE,8,622182,1717,50,4790,98
Montenegro,MNE,9,622182,5785,66,10575,164
Montenegro,MNE,11,622182,9111,97,27177,391
Madagascar,MDG,3,26969306,44,0,44,0
Madagascar,MDG,4,26969306,84,0,128,0
Madagascar,MDG,5,26969306,630,6,758,6
Madagascar,MDG,6,26969306,1380,14,2138,20
Madagascar,MDG,7,26969306,8610,85,10748,105
Madagascar,MDG,8,26969306,4095,86,14843,191
Madagascar,MDG,9,26969306,1534,38,16377,229
Madagascar,MDG,10,26969306,591,15,16968,244
Madagascar,MDG,11,26969306,265,5,17233,249
Marshall_Islands,MHL,10,58791,1,0,1,0
Marshall_Islands,MHL,11,58791,0,0,1,0
North_Macedonia,MKD,1,2077132,0,0,0,0
North_Macedonia,MKD,2,2077132,1,0,1,0
North_Macedonia,MKD,3,2077132,284,7,285,7
North_Macedonia,MKD,4,2077132,1157,66,1442,73
North_Macedonia,MKD,5,2077132,722,58,2164,131
North_Macedonia,MKD,8,2077132,3304,104,13927,584
Mali,MLI,3,19658023,18,0,18,0
Mali,MLI,4,19658023,464,25,482,25
Mali,MLI,5,19658023,768,51,1250,76
Mali,MLI,6,19658023,923,39,2173,115
Mali,MLI,7,19658023,349,9,2522,124
Mali,MLI,8,19658023,251,2,2773,126
Mali,MLI,9,19658023,317,4,3090,130
Mali,MLI,10,19658023,455,6,3545,136
Mali,MLI,11,19658023,323,3,3868,139
Myanmar,MMR,3,54045422,14,0,14,0
Myanmar,MMR,4,54045422,136,6,150,6
Myanmar,MMR,5,54045422,74,0,224,6
Myanmar,MMR,6,54045422,75,0,299,6
Myanmar,MMR,7,54045422,54,0,353,6
Myanmar,MMR,8,54045422,434,0,787,6
Mongolia,MNG,3,3225166,12,0,12,0
Mongolia,MNG,4,3225166,26,0,38,0
Mongolia,MNG,5,3225166,141,0,179,0
Mongolia,MNG,6,3225166,41,0,220,0
Mongolia,MNG,7,3225166,71,0,291,0
Mongolia,MNG,8,3225166,10,0,301,0
Mongolia,MNG,9,3225166,12,0,313,0
Mongolia,MNG,10,3225166,33,0,346,0
Mongolia,MNG,11,3225166,85,0,431,0
Northern_Mariana_Islands,MNP,3,57213,2,0,2,0
Northern_Mariana_Islands,MNP,4,57213,12,2,14,2
Northern_Mariana_Islands,MNP,5,57213,8,0,22,2
Northern_Mariana_Islands,MNP,6,57213,8,0,30,2
Northern_Mariana_Islands,MNP,7,57213,12,0,42,2
Northern_Mariana_Islands,MNP,8,57213,14,0,56,2
Northern_Mariana_Islands,MNP,9,57213,14,0,70,2
Northern_Mariana_Islands,MNP,10,57213,22,0,92,2
Northern_Mariana_Islands,MNP,11,57213,10,0,102,2
Mauritania,MRT,3,4525698,5,0,5,0
Mauritania,MRT,4,4525698,2,1,7,1
Mauritania,MRT,5,4525698,476,20,483,21
Mauritania,MRT,7,4525698,2121,30,6270,156
Mauritania,MRT,8,4525698,752,3,7022,159
Mauritania,MRT,9,4525698,452,2,7474,161
Mauritania,MRT,10,4525698,203,2,7677,163
Mauritania,MRT,11,4525698,208,2,7885,165
Montserrat,MSF,3,4991,5,0,5,0
Montserrat,MSF,4,4991,6,1,11,1
Montserrat,MSF,5,4991,0,0,11,1
Montserrat,MSF,6,4991,0,0,11,1
Montserrat,MSF,7,4991,2,0,13,1
Montserrat,MSF,8,4991,0,0,13,1
Montserrat,MSF,9,4991,0,0,13,1
Montserrat,MSF,10,4991,0,0,13,1
Montserrat,MSF,11,4991,0,0,13,1
Malta,MLT,3,493559,156,0,156,0
Malta,MLT,4,493559,306,4,462,4
Malta,MLT,5,493559,155,5,617,9
Malta,MLT,6,493559,52,0,669,9
Malta,MLT,7,493559,58,0,727,9
Malta,MLT,8,493559,1137,2,1864,11
Malta,MLT,9,493559,1171,23,3035,34
Malta,MLT,10,493559,2907,27,5942,61
Malta,MLT,11,493559,1975,34,7917,95
Mauritius,MUS,3,1269670,128,3,128,3
Mauritius,MUS,4,1269670,204,7,332,10
Mauritius,MUS,5,1269670,3,0,335,10
Mauritius,MUS,6,1269670,6,0,341,10
Mauritius,MUS,7,1269670,3,0,344,10
Mauritius,MUS,8,1269670,2,0,346,10
Mauritius,MUS,9,1269670,35,0,381,10
Mauritius,MUS,10,1269670,60,0,441,10
Mauritius,MUS,11,1269670,37,0,478,10
Maldives,MDV,3,530957,17,0,17,0
Maldives,MDV,4,530957,260,0,277,0
Maldives,MDV,5,530957,1395,5,1672,5
Maldives,MDV,6,530957,664,3,2336,8
Maldives,MDV,7,530957,1383,8,3719,16
Maldives,MDV,8,530957,3948,12,7667,28
Maldives,MDV,9,530957,2527,6,10194,34
Maldives,MDV,10,530957,1449,3,11643,37
Maldives,MDV,11,530957,561,6,12204,43
Malawi,MWI,4,18628749,36,3,36,3
Malawi,MWI,5,18628749,243,1,279,4
Malawi,MWI,6,18628749,945,10,1224,14
Malawi,MWI,7,18628749,2757,95,3981,109
Malawi,MWI,8,18628749,1555,65,5536,174
Malawi,MWI,9,18628749,236,5,5772,179
Malawi,MWI,10,18628749,151,5,5923,184
Malawi,MWI,11,18628749,42,1,5965,185
Mexico,MEX,1,127575529,2,0,2,0
Mexico,MEX,2,127575529,12,0,14,0
Mexico,MEX,3,127575529,2432,28,2446,28
Malaysia,MYS,1,31949789,8,0,8,0
Malaysia,MYS,2,31949789,17,0,25,0
Malaysia,MYS,3,31949789,2601,37,2626,37
Malaysia,MYS,4,31949789,3319,63,5945,100
Malaysia,MYS,5,31949789,1817,15,7762,115
Malaysia,MYS,6,31949789,875,6,8637,121
Malaysia,MYS,7,31949789,327,3,8964,124
Malaysia,MYS,8,31949789,370,2,9334,126
Malaysia,MYS,9,31949789,1801,8,11135,134
Malaysia,MYS,10,31949789,19764,115,30899,249
Malaysia,MYS,11,31949789,16518,60,47417,309
Mozambique,MOZ,3,30366043,8,0,8,0
Mozambique,MOZ,4,30366043,68,0,76,0
Mozambique,MOZ,5,30366043,168,2,244,2
Mozambique,MOZ,6,30366043,639,4,883,6
Mozambique,MOZ,7,30366043,925,5,1808,11
Mozambique,MOZ,8,30366043,2013,12,3821,23
Mozambique,MOZ,9,30366043,4735,36,8556,59
Mozambique,MOZ,10,30366043,4221,32,12777,91
Mozambique,MOZ,11,30366043,1671,22,14448,113
Namibia,NAM,3,2494524,11,0,11,0
Namibia,NAM,4,2494524,5,0,16,0
Namibia,NAM,5,2494524,7,0,23,0
Namibia,NAM,6,2494524,173,0,196,0
Namibia,NAM,7,2494524,1856,10,2052,10
Namibia,NAM,8,2494524,5313,62,7365,72
Namibia,NAM,9,2494524,3775,49,11140,121
Namibia,NAM,10,2494524,1767,12,12907,133
Namibia,NAM,11,2494524,601,5,13508,138
New_Caledonia,NCL,3,282757,16,0,16,0
New_Caledonia,NCL,4,282757,2,0,18,0
New_Caledonia,NCL,5,282757,1,0,19,0
New_Caledonia,NCL,6,282757,2,0,21,0
New_Caledonia,NCL,7,282757,1,0,22,0
New_Caledonia,NCL,8,282757,1,0,23,0
New_Caledonia,NCL,9,282757,4,0,27,0
New_Caledonia,NCL,10,282757,1,0,28,0
New_Caledonia,NCL,11,282757,2,0,30,0
Niger,NER,3,23310719,20,3,20,3
Niger,NER,4,23310719,693,29,713,32
Niger,NER,5,23310719,243,32,956,64
Niger,NER,6,23310719,119,3,1075,67
Niger,NER,7,23310719,59,2,1134,69
Niger,NER,8,23310719,42,0,1176,69
Niger,NER,9,23310719,20,0,1196,69
Niger,NER,10,23310719,24,0,1220,69
Niger,NER,11,23310719,87,1,1307,70
Nigeria,NGA,1,200963603,0,0,0,0
Nigeria,NGA,2,200963603,1,0,1,0
Nigeria,NGA,3,200963603,130,2,131,2
Nigeria,NGA,4,200963603,1597,49,1728,51
Nigeria,NGA,10,200963603,4044,33,62691,1144
Nigeria,NGA,11,200963603,2457,20,65148,1164
Nicaragua,NIC,3,6545503,4,1,4,1
Nicaragua,NIC,4,6545503,10,3,14,4
Nicaragua,NIC,6,6545503,1411,39,2170,74
Nicaragua,NIC,7,6545503,1502,42,3672,116
Nicaragua,NIC,8,6545503,822,21,4494,137
Nicaragua,NIC,9,6545503,676,14,5170,151
Nicaragua,NIC,10,6545503,344,5,5514,156
Nicaragua,NIC,11,6545503,147,2,5661,158
Netherlands,NLD,1,17282163,0,0,0,0
Netherlands,NLD,2,17282163,2,0,2,0
Netherlands,NLD,7,17282163,3740,33,53963,6140
Netherlands,NLD,8,17282163,16108,75,70071,6215
Norway,NOR,1,5328212,0,0,0,0
Norway,NOR,2,5328212,6,0,6,0
Norway,NOR,3,5328212,4220,26,4226,26
Norway,NOR,4,5328212,3441,176,7667,202
Norway,NOR,5,5328212,744,34,8411,236
Norway,NOR,6,5328212,444,13,8855,249
Norway,NOR,7,5328212,317,6,9172,255
Norway,NOR,8,5328212,1371,9,10543,264
Norway,NOR,9,5328212,3245,10,13788,274
Norway,NOR,10,5328212,5775,8,19563,282
Norway,NOR,11,5328212,7663,12,27226,294
Nepal,NPL,1,28608715,1,0,1,0
Nepal,NPL,2,28608715,0,0,1,0
Nepal,NPL,3,28608715,4,0,5,0
Nepal,NPL,4,28608715,52,0,57,0
Nepal,NPL,5,28608715,1344,6,1401,6
Nepal,NPL,6,28608715,11847,23,13248,29
Nepal,NPL,7,28608715,6299,23,19547,52
New_Zealand,NZL,1,4783062,0,0,0,0
New_Zealand,NZL,2,4783062,1,0,1,0
New_Zealand,NZL,3,4783062,646,1,647,1
New_Zealand,NZL,4,4783062,482,18,1129,19
New_Zealand,NZL,5,4783062,25,3,1154,22
New_Zealand,NZL,6,4783062,24,0,1178,22
New_Zealand,NZL,7,4783062,32,0,1210,22
New_Zealand,NZL,8,4783062,177,0,1387,22
New_Zealand,NZL,9,4783062,93,3,1480,25
New_Zealand,NZL,10,4783062,121,0,1601,25
New_Zealand,NZL,11,4783062,44,0,1645,25
Oman,OMN,1,4974992,0,0,0,0
Oman,OMN,2,4974992,6,0,6,0
Oman,OMN,3,4974992,173,0,179,0
Oman,OMN,4,4974992,2095,10,2274,10
Oman,OMN,5,4974992,8149,32,10423,42
Oman,OMN,6,4974992,28637,127,39060,169
Panama,PAN,3,4246440,1075,26,1075,26
Peru,PER,3,32510462,950,24,950,24
French_Polynesia,PYF,3,279285,36,0,36,0
French_Polynesia,PYF,4,279285,22,0,58,0
French_Polynesia,PYF,5,279285,2,0,60,0
French_Polynesia,PYF,6,279285,2,0,62,0
French_Polynesia,PYF,7,279285,0,0,62,0
French_Polynesia,PYF,8,279285,358,0,420,0
French_Polynesia,PYF,9,279285,1246,7,1666,7
French_Polynesia,PYF,10,279285,5596,22,7262,29
French_Polynesia,PYF,11,279285,4444,24,11706,53
Papua_New_Guinea,PNG,3,8776119,1,0,1,0
Papua_New_Guinea,PNG,4,8776119,7,0,8,0
Papua_New_Guinea,PNG,5,8776119,0,0,8,0
Papua_New_Guinea,PNG,6,8776119,3,0,11,0
Papua_New_Guinea,PNG,7,8776119,61,2,72,2
Papua_New_Guinea,PNG,8,8776119,387,3,459,5
Papua_New_Guinea,PNG,9,8776119,75,2,534,7
Papua_New_Guinea,PNG,10,8776119,55,0,589,7
Papua_New_Guinea,PNG,11,8776119,11,0,600,7
Philippines,PHL,1,108116622,1,0,1,0
Philippines,PHL,2,108116622,2,1,3,1
Pakistan,PAK,1,216565317,0,0,0,0
Pakistan,PAK,2,216565317,2,0,2,0
Pakistan,PAK,3,216565317,1623,18,1625,18
Poland,POL,3,37972812,2055,31,2055,31
Puerto_Rico,PRI,4,2933404,1259,80,1433,86
Puerto_Rico,PRI,5,2933404,2285,47,3718,133
Puerto_Rico,PRI,6,2933404,3532,20,7250,153
Puerto_Rico,PRI,7,2933404,9322,61,16572,214
Palestine,PSE,3,4981422,115,1,115,1
Palestine,PSE,4,4981422,392,1,507,2
Palestine,PSE,5,4981422,119,3,626,5
Palestine,PSE,6,4981422,1817,3,2443,8
Palestine,PSE,7,4981422,12395,76,14838,84
Palestine,PSE,8,4981422,14225,82,29063,166
Palestine,PSE,10,4981422,14627,192,64742,552
Portugal,PRT,8,10276617,6900,92,57768,1819
Paraguay,PRY,3,7044639,65,3,65,3
Paraguay,PRY,4,7044639,184,6,249,9
Paraguay,PRY,5,7044639,715,2,964,11
Paraguay,PRY,6,7044639,1227,5,2191,16
Paraguay,PRY,7,7044639,3016,31,5207,47
Qatar,QAT,1,2832071,0,0,0,0
Qatar,QAT,2,2832071,0,0,0,0
Qatar,QAT,3,2832071,693,1,693,1
Qatar,QAT,4,2832071,11871,9,12564,10
Qatar,QAT,5,2832071,42698,26,55262,36
Qatar,QAT,6,2832071,39844,77,95106,113
Qatar,QAT,7,2832071,15354,58,110460,171
Qatar,QAT,8,2832071,8115,26,118575,197
Qatar,QAT,9,2832071,6958,17,125533,214
Qatar,QAT,10,2832071,6810,18,132343,232
Qatar,QAT,11,2832071,3442,2,135785,234
Romania,ROU,1,19414458,0,0,0,0
Romania,ROU,2,19414458,3,0,3,0
Romania,ROU,3,19414458,1949,44,1952,44
Serbia,SRB,3,6963764,785,16,785,16
Serbia,SRB,4,6963764,7939,157,8724,173
Serbia,SRB,5,6963764,2657,69,11381,242
Serbia,SRB,6,6963764,2907,32,14288,274
Serbia,SRB,8,6963764,6152,146,31365,711
Serbia,SRB,9,6963764,2114,38,33479,749
Serbia,SRB,10,6963764,11658,65,45137,814
Russia,RUS,1,145872260,0,0,0,0
Russia,RUS,2,145872260,2,0,2,0
Russia,RUS,3,145872260,1834,10,1836,10
Rwanda,RWA,3,12626938,70,0,70,0
Rwanda,RWA,4,12626938,155,0,225,0
Rwanda,RWA,5,12626938,134,1,359,1
Rwanda,RWA,6,12626938,642,1,1001,2
Rwanda,RWA,7,12626938,993,3,1994,5
Rwanda,RWA,8,12626938,2026,11,4020,16
Rwanda,RWA,9,12626938,816,13,4836,29
Rwanda,RWA,10,12626938,298,6,5134,35
Rwanda,RWA,11,12626938,321,10,5455,45
Saudi_Arabia,SAU,3,34268529,1453,8,1453,8
Saudi_Arabia,SAU,4,34268529,19949,149,21402,157
Solomon_Islands,SLB,10,669821,8,0,8,0
Solomon_Islands,SLB,11,669821,8,0,16,0
Seychelles,SYC,3,97741,10,0,10,0
Seychelles,SYC,4,97741,1,0,11,0
Seychelles,SYC,5,97741,0,0,11,0
Seychelles,SYC,6,97741,0,0,11,0
Seychelles,SYC,7,97741,103,0,114,0
Seychelles,SYC,8,97741,22,0,136,0
Seychelles,SYC,9,97741,7,0,143,0
Seychelles,SYC,10,97741,10,0,153,0
Seychelles,SYC,11,97741,5,0,158,0
Sudan,SDN,3,42813237,6,2,6,2
Sudan,SDN,4,42813237,369,26,375,28
Sudan,SDN,9,42813237,417,13,13606,836
Sudan,SDN,10,42813237,159,1,13765,837
Sweden,SWE,1,10230185,0,0,0,0
Sweden,SWE,2,10230185,11,0,11,0
Sweden,SWE,8,10230185,7552,70,84234,5808
Sweden,SWE,9,10230185,8913,51,93147,5859
Singapore,SGP,1,5804343,13,0,13,0
Singapore,SGP,2,5804343,85,0,98,0
Singapore,SGP,3,5804343,746,3,844,3
Singapore,SGP,4,5804343,14797,11,15641,14
Singapore,SGP,5,5804343,18725,9,34366,23
Singapore,SGP,6,5804343,9295,3,43661,26
Singapore,SGP,7,5804343,8148,1,51809,27
Singapore,SGP,8,5804343,4962,0,56771,27
Singapore,SGP,9,5804343,971,0,57742,27
Singapore,SGP,10,5804343,261,1,58003,28
Singapore,SGP,11,5804343,116,0,58119,28
Slovenia,SVN,3,2080908,763,11,763,11
Slovenia,SVN,4,2080908,655,78,1418,89
Slovenia,SVN,5,2080908,55,19,1473,108
Slovenia,SVN,6,2080908,112,3,1585,111
Slovenia,SVN,7,2080908,554,6,2139,117
Slovenia,SVN,8,2080908,726,11,2865,128
Slovenia,SVN,9,2080908,2622,10,5487,138
Slovenia,SVN,10,2080908,27023,87,32510,225
Slovakia,SVK,3,5450421,336,0,336,0
Slovakia,SVK,4,5450421,1055,22,1391,22
Slovakia,SVK,5,5450421,130,6,1521,28
Slovakia,SVK,6,5450421,144,0,1665,28
Slovakia,SVK,7,5450421,600,0,2265,28
Slovakia,SVK,8,5450421,1611,5,3876,33
Slovakia,SVK,9,5450421,5698,12,9574,45
Sierra_Leone,SLE,4,7813207,116,4,116,4
Sierra_Leone,SLE,5,7813207,736,42,852,46
Sierra_Leone,SLE,6,7813207,598,14,1450,60
Sierra_Leone,SLE,7,7813207,368,7,1818,67
Sierra_Leone,SLE,8,7813207,204,3,2022,70
Sierra_Leone,SLE,9,7813207,200,2,2222,72
Sierra_Leone,SLE,10,7813207,143,2,2365,74
Sierra_Leone,SLE,11,7813207,26,0,2391,74
San_Marino,SMR,1,34453,0,0,0,0
San_Marino,SMR,2,34453,1,0,1,0
San_Marino,SMR,3,34453,228,25,229,25
San_Marino,SMR,4,34453,334,16,563,41
San_Marino,SMR,5,34453,108,1,671,42
San_Marino,SMR,6,34453,27,0,698,42
San_Marino,SMR,7,34453,1,0,699,42
San_Marino,SMR,8,34453,11,0,710,42
San_Marino,SMR,9,34453,17,0,727,42
San_Marino,SMR,10,34453,201,0,928,42
San_Marino,SMR,11,34453,325,0,1253,42
Senegal,SEN,3,16296362,162,0,162,0
Senegal,SEN,4,16296362,720,9,882,9
Senegal,SEN,5,16296362,2653,33,3535,42
Senegal,SEN,6,16296362,3163,66,6698,108
Senegal,SEN,7,16296362,3408,96,10106,204
Senegal,SEN,8,16296362,3450,80,13556,284
Senegal,SEN,9,16296362,1389,26,14945,310
Senegal,SEN,10,16296362,660,13,15605,323
Senegal,SEN,11,16296362,188,5,15793,328
Somalia,SOM,3,15442906,3,0,3,0
Somalia,SOM,4,15442906,579,28,582,28
Somalia,SOM,5,15442906,1334,45,1916,73
Somalia,SOM,6,15442906,988,17,2904,90
Somalia,SOM,7,15442906,308,3,3212,93
Somalia,SOM,8,15442906,98,4,3310,97
Somalia,SOM,9,15442906,278,2,3588,99
Somalia,SOM,10,15442906,353,5,3941,104
Somalia,SOM,11,15442906,360,3,4301,107
Suriname,SUR,3,581363,8,0,8,0
Suriname,SUR,4,581363,2,1,10,1
Suriname,SUR,5,581363,4,0,14,1
Suriname,SUR,6,581363,487,12,501,13
Suriname,SUR,7,581363,1149,13,1650,26
Suriname,SUR,8,581363,2359,41,4009,67
Suriname,SUR,9,581363,854,37,4863,104
Suriname,SUR,10,581363,338,7,5201,111
Suriname,SUR,11,581363,73,3,5274,114
South_Sudan,SSD,4,11062114,34,0,34,0
South_Sudan,SSD,5,11062114,960,10,994,10
South_Sudan,SSD,6,11062114,1012,27,2006,37
South_Sudan,SSD,7,11062114,316,9,2322,46
South_Sudan,SSD,8,11062114,197,1,2519,47
South_Sudan,SSD,9,11062114,181,2,2700,49
South_Sudan,SSD,10,11062114,203,9,2903,58
South_Sudan,SSD,11,11062114,100,1,3003,59
Sao_Tome_and_Principe,STP,4,215048,14,0,14,0
Sao_Tome_and_Principe,STP,5,215048,465,12,479,12
Sao_Tome_and_Principe,STP,6,215048,234,1,713,13
Sao_Tome_and_Principe,STP,7,215048,157,2,870,15
Sao_Tome_and_Principe,STP,8,215048,26,0,896,15
Sao_Tome_and_Principe,STP,9,215048,15,0,911,15
Sao_Tome_and_Principe,STP,10,215048,34,1,945,16
Sao_Tome_and_Principe,STP,11,215048,20,0,965,16
El_Salvador,SLV,3,6453550,32,0,32,0
El_Salvador,SLV,4,6453550,345,9,377,9
El_Salvador,SLV,5,6453550,2140,37,2517,46
El_Salvador,SLV,6,6453550,3656,118,6173,164
El_Salvador,SLV,9,6453550,3252,126,28981,843
El_Salvador,SLV,10,6453550,4464,132,33445,975
Sint_Maarten,SXM,3,42389,3,0,3,0
Sint_Maarten,SXM,4,42389,73,13,76,13
Sint_Maarten,SXM,5,42389,1,2,77,15
Sint_Maarten,SXM,6,42389,0,0,77,15
Sint_Maarten,SXM,7,42389,51,0,128,15
Sint_Maarten,SXM,8,42389,335,2,463,17
Sint_Maarten,SXM,9,42389,196,5,659,22
Sint_Maarten,SXM,10,42389,146,0,805,22
Sint_Maarten,SXM,11,42389,128,2,933,24
Syria,SYR,3,17070132,10,2,10,2
Syria,SYR,4,17070132,33,1,43,3
Syria,SYR,5,17070132,79,1,122,4
Syria,SYR,6,17070132,147,5,269,9
Syria,SYR,7,17070132,469,32,738,41
Syria,SYR,8,17070132,1965,68,2703,109
Syria,SYR,9,17070132,1445,88,4148,197
Syria,SYR,10,17070132,1535,88,5683,285
Eswatini,SWZ,3,1148133,9,0,9,0
Eswatini,SWZ,4,1148133,82,1,91,1
Eswatini,SWZ,5,1148133,192,1,283,2
Eswatini,SWZ,6,1148133,512,9,795,11
Eswatini,SWZ,7,1148133,1782,29,2577,40
Eswatini,SWZ,8,1148133,1984,51,4561,91
Eswatini,SWZ,9,1148133,901,17,5462,108
Eswatini,SWZ,10,1148133,447,9,5909,117
Eswatini,SWZ,11,1148133,186,2,6095,119
Turks_and_Caicos_islands,TCA,3,38194,5,0,5,0
Turks_and_Caicos_islands,TCA,4,38194,7,1,12,1
Turks_and_Caicos_islands,TCA,5,38194,0,0,12,1
Turks_and_Caicos_islands,TCA,6,38194,29,0,41,1
Turks_and_Caicos_islands,TCA,7,38194,63,1,104,2
Turks_and_Caicos_islands,TCA,8,38194,403,1,507,3
Turks_and_Caicos_islands,TCA,9,38194,179,3,686,6
Turks_and_Caicos_islands,TCA,10,38194,17,0,703,6
Turks_and_Caicos_islands,TCA,11,38194,17,0,720,6
Chad,TCD,3,15946882,7,0,7,0
Chad,TCD,4,15946882,45,2,52,2
Chad,TCD,5,15946882,707,63,759,65
Chad,TCD,6,15946882,107,9,866,74
Chad,TCD,7,15946882,69,1,935,75
Chad,TCD,8,15946882,77,2,1012,77
Chad,TCD,9,15946882,181,8,1193,85
Chad,TCD,10,15946882,290,13,1483,98
Chad,TCD,11,15946882,114,3,1597,101
Togo,TGO,3,8082359,34,1,34,1
Togo,TGO,4,8082359,75,6,109,7
Togo,TGO,5,8082359,324,6,433,13
Togo,TGO,6,8082359,210,1,643,14
Togo,TGO,7,8082359,284,4,927,18
Togo,TGO,8,8082359,469,9,1396,27
Togo,TGO,9,8082359,363,21,1759,48
Togo,TGO,10,8082359,553,7,2312,55
Togo,TGO,11,8082359,363,6,2675,61
Thailand,THA,1,69625581,14,0,14,0
Thailand,THA,2,69625581,28,0,42,0
Thailand,THA,3,69625581,1609,10,1651,10
Thailand,THA,4,69625581,1303,44,2954,54
Thailand,THA,5,69625581,127,3,3081,57
Thailand,THA,6,69625581,90,1,3171,58
Thailand,THA,7,69625581,139,0,3310,58
Thailand,THA,8,69625581,102,0,3412,58
Thailand,THA,9,69625581,152,1,3564,59
Thailand,THA,10,69625581,216,0,3780,59
Thailand,THA,11,69625581,95,1,3875,60
Tajikistan,TJK,5,9321023,3807,47,3807,47
Tajikistan,TJK,6,9321023,2093,5,5900,52
Tajikistan,TJK,7,9321023,1466,8,7366,60
Tajikistan,TJK,8,9321023,1184,8,8550,68
Tajikistan,TJK,9,9321023,1176,7,9726,75
Tajikistan,TJK,10,9321023,1251,7,10977,82
Tajikistan,TJK,11,9321023,633,3,11610,85
Timor_Leste,TLS,3,1293120,1,0,1,0
Timor_Leste,TLS,4,1293120,23,0,24,0
Timor_Leste,TLS,5,1293120,0,0,24,0
Timor_Leste,TLS,6,1293120,0,0,24,0
Timor_Leste,TLS,7,1293120,0,0,24,0
Timor_Leste,TLS,8,1293120,3,0,27,0
Timor_Leste,TLS,9,1293120,1,0,28,0
Timor_Leste,TLS,10,1293120,2,0,30,0
Timor_Leste,TLS,11,1293120,0,0,30,0
Tunisia,TUN,3,11694721,312,8,312,8
Tunisia,TUN,4,11694721,668,32,980,40
Tunisia,TUN,5,11694721,96,8,1076,48
Tunisia,TUN,6,11694721,96,2,1172,50
Tunisia,TUN,7,11694721,342,0,1514,50
Tunisia,TUN,8,11694721,2171,26,3685,76
Trinidad_and_Tobago,TTO,3,1394969,85,3,85,3
Trinidad_and_Tobago,TTO,4,1394969,31,5,116,8
Trinidad_and_Tobago,TTO,5,1394969,1,0,117,8
Trinidad_and_Tobago,TTO,6,1394969,9,0,126,8
Trinidad_and_Tobago,TTO,7,1394969,38,0,164,8
Trinidad_and_Tobago,TTO,8,1394969,1519,13,1683,21
Trinidad_and_Tobago,TTO,9,1394969,2780,53,4463,74
Trinidad_and_Tobago,TTO,10,1394969,1205,33,5668,107
Trinidad_and_Tobago,TTO,11,1394969,412,5,6080,112
Taiwan,CNG1925,1,23773881,9,0,9,0
Taiwan,CNG1925,2,23773881,30,1,39,1
Taiwan,CNG1925,3,23773881,267,4,306,5
Taiwan,CNG1925,4,23773881,123,1,429,6
Taiwan,CNG1925,5,23773881,13,1,442,7
Taiwan,CNG1925,6,23773881,5,0,447,7
Taiwan,CNG1925,7,23773881,20,0,467,7
Taiwan,CNG1925,8,23773881,21,0,488,7
Taiwan,CNG1925,9,23773881,26,0,514,7
Taiwan,CNG1925,10,23773881,41,0,555,7
Taiwan,CNG1925,11,23773881,48,0,603,7
United_Republic_of_Tanzania,TZA,3,58005461,19,1,19,1
United_Republic_of_Tanzania,TZA,4,58005461,461,15,480,16
United_Republic_of_Tanzania,TZA,5,58005461,29,5,509,21
United_Republic_of_Tanzania,TZA,6,58005461,0,0,509,21
United_Republic_of_Tanzania,TZA,7,58005461,0,0,509,21
United_Republic_of_Tanzania,TZA,8,58005461,0,0,509,21
United_Republic_of_Tanzania,TZA,9,58005461,0,0,509,21
United_Republic_of_Tanzania,TZA,10,58005461,0,0,509,21
United_Republic_of_Tanzania,TZA,11,58005461,0,0,509,21
Ukraine,UKR,3,43993643,480,11,480,11
Uganda,UGA,3,44269587,33,0,33,0
Uganda,UGA,4,44269587,48,0,81,0
Uganda,UGA,5,44269587,332,0,413,0
Uganda,UGA,6,44269587,457,0,870,0
Uganda,UGA,7,44269587,277,2,1147,2
Uganda,UGA,8,44269587,1781,28,2928,30
Uganda,UGA,9,44269587,5089,45,8017,75
Uganda,UGA,10,44269587,4393,35,12410,110
United_Kingdom,GBR,1,66647112,0,0,0,0
United_Kingdom,GBR,2,66647112,30,0,30,0
United_States_of_America,USA,1,329064917,6,0,6,0
United_States_of_America,USA,2,329064917,60,0,66,0
Uruguay,URY,3,3461731,324,1,324,1
Uruguay,URY,4,3461731,306,14,630,15
Uruguay,URY,5,3461731,191,7,821,22
Uruguay,URY,6,3461731,111,5,932,27
Uruguay,URY,7,3461731,311,8,1243,35
Uruguay,URY,8,3461731,342,9,1585,44
Uruguay,URY,9,3461731,448,4,2033,48
Uruguay,URY,10,3461731,1049,10,3082,58
Uruguay,URY,11,3461731,948,7,4030,65
Uzbekistan,UZB,3,32981715,149,2,149,2
Uzbekistan,UZB,4,32981715,1853,7,2002,9
Uzbekistan,UZB,5,32981715,1552,5,3554,14
Uzbekistan,UZB,6,32981715,4744,10,8298,24
Uzbekistan,UZB,7,32981715,15260,113,23558,137
Uzbekistan,UZB,8,32981715,18093,180,41651,317
Uzbekistan,UZB,11,32981715,3615,35,70243,598
Holy_See,VAT,3,815,6,0,6,0
Holy_See,VAT,4,815,4,0,10,0
Holy_See,VAT,5,815,2,0,12,0
Holy_See,VAT,6,815,0,0,12,0
Holy_See,VAT,7,815,0,0,12,0
Holy_See,VAT,8,815,0,0,12,0
Holy_See,VAT,9,815,0,0,12,0
Holy_See,VAT,10,815,14,0,26,0
Holy_See,VAT,11,815,0,0,26,0
Saint_Vincent_and_the_Grenadines,VCT,3,110593,1,0,1,0
Saint_Vincent_and_the_Grenadines,VCT,4,110593,15,0,16,0
Saint_Vincent_and_the_Grenadines,VCT,5,110593,10,0,26,0
Saint_Vincent_and_the_Grenadines,VCT,6,110593,3,0,29,0
Saint_Vincent_and_the_Grenadines,VCT,7,110593,23,0,52,0
Saint_Vincent_and_the_Grenadines,VCT,8,110593,8,0,60,0
Saint_Vincent_and_the_Grenadines,VCT,9,110593,4,0,64,0
Saint_Vincent_and_the_Grenadines,VCT,10,110593,10,0,74,0
Saint_Vincent_and_the_Grenadines,VCT,11,110593,4,0,78,0
Venezuela,VEN,3,28515829,135,3,135,3
Venezuela,VEN,4,28515829,196,7,331,10
Venezuela,VEN,5,28515829,1128,4,1459,14
Venezuela,VEN,6,28515829,4071,34,5530,48
Venezuela,VEN,7,28515829,12329,110,17859,158
Venezuela,VEN,9,28515829,28495,240,74363,621
Venezuela,VEN,10,28515829,17226,172,91589,793
Venezuela,VEN,11,28515829,5763,58,97352,851
British_Virgin_Islands,VGB,3,30033,3,0,3,0
British_Virgin_Islands,VGB,4,30033,3,1,6,1
British_Virgin_Islands,VGB,5,30033,2,0,8,1
British_Virgin_Islands,VGB,6,30033,0,0,8,1
British_Virgin_Islands,VGB,7,30033,0,0,8,1
British_Virgin_Islands,VGB,8,30033,29,0,37,1
British_Virgin_Islands,VGB,9,30033,34,0,71,1
British_Virgin_Islands,VGB,10,30033,1,0,72,1
British_Virgin_Islands,VGB,11,30033,0,0,72,1
United_States_Virgin_Islands,VIR,3,104579,30,0,30,0
United_States_Virgin_Islands,VIR,4,104579,36,4,66,4
United_States_Virgin_Islands,VIR,5,104579,3,2,69,6
United_States_Virgin_Islands,VIR,6,104579,15,0,84,6
United_States_Virgin_Islands,VIR,7,104579,301,2,385,8
United_States_Virgin_Islands,VIR,8,104579,749,6,1134,14
United_States_Virgin_Islands,VIR,9,104579,184,6,1318,20
United_States_Virgin_Islands,VIR,10,104579,44,1,1362,21
United_States_Virgin_Islands,VIR,11,104579,72,2,1434,23
Vietnam,VNM,1,96462108,5,0,5,0
Vietnam,VNM,2,96462108,11,0,16,0
Vietnam,VNM,3,96462108,190,0,206,0
Vietnam,VNM,4,96462108,64,0,270,0
Vietnam,VNM,5,96462108,57,0,327,0
Vietnam,VNM,6,96462108,28,0,355,0
Vietnam,VNM,7,96462108,154,0,509,0
Vietnam,VNM,8,96462108,531,32,1040,32
Vietnam,VNM,9,96462108,54,3,1094,35
Vietnam,VNM,10,96462108,83,0,1177,35
Vietnam,VNM,11,96462108,104,0,1281,35
Vanuatu,VUT,11,299882,1,0,1,0
Wallis_and_Futuna,,10,,1,0,1,0
Wallis_and_Futuna,,11,,0,0,1,0
Kosovo,XKX,3,1798506,110,1,110,1
Kosovo,XKX,4,1798506,698,20,808,21
Kosovo,XKX,5,1798506,262,9,1070,30
Kosovo,XKX,6,1798506,1729,19,2799,49
Kosovo,XKX,9,1798506,2240,109,15574,625
Kosovo,XKX,10,1798506,3754,53,19328,678
Yemen,YEM,4,29161922,6,0,6,0
Yemen,YEM,5,29161922,304,77,310,77
Yemen,YEM,8,29161922,227,77,1953,564
Yemen,YEM,9,29161922,82,24,2035,588
Yemen,YEM,10,29161922,28,12,2063,600
Yemen,YEM,11,29161922,9,3,2072,603
South_Africa,ZAF,3,58558267,1326,3,1326,3
Zambia,ZMB,3,17861034,35,0,35,0
Zambia,ZMB,4,17861034,62,3,97,3
Zambia,ZMB,5,17861034,960,4,1057,7
Zambia,ZMB,6,17861034,511,15,1568,22
Zambia,ZMB,9,17861034,2690,45,14715,332
Zambia,ZMB,10,17861034,1700,17,16415,349
Zambia,ZMB,11,17861034,708,4,17123,353
Zimbabwe,ZWE,3,14645473,7,1,7,1
Zimbabwe,ZWE,4,14645473,27,3,34,4
Zimbabwe,ZWE,5,14645473,140,0,174,4
Zimbabwe,ZWE,6,14645473,400,3,574,7
Zimbabwe,ZWE,7,14645473,2518,46,3092,53
Zimbabwe,ZWE,9,14645473,1425,32,7837,228
Zimbabwe,ZWE,10,14645473,525,14,8362,242
Zimbabwe,ZWE,11,14645473,424,15,8786,257
United_Arab_Emirates,ARE,5,9770526,21967,164,33896,262
United_Arab_Emirates,ARE,6,9770526,14350,52,48246,314
Albania,ALB,8,2862427,4183,126,9380,280
Albania,ALB,10,2862427,7116,118,20634,502
Armenia,ARM,9,2957728,6151,81,49901,958
Azerbaijan,AZE,9,10047719,3810,59,40119,590
Belgium,BEL,8,11455519,15809,187,85401,9898
Belgium,BEL,9,11455519,36966,126,122367,10024
Denmark,DNK,11,5806081,16911,41,62136,760
Dominican_Republic,DOM,10,10738957,14432,135,126332,2236
Dominican_Republic,DOM,11,10738957,7392,49,133724,2285
Greece,GRC,9,10724599,7989,126,18123,388
Israel,ISR,7,8519373,45938,184,70379,503
Kenya,KEN,6,52573967,4302,81,6190,144
Kyrgyzstan,KGZ,11,6415851,8105,58,66983,1203
Kuwait,KWT,9,4207077,19932,77,104568,607
Moldova,MDA,5,4043258,4327,180,8098,291
Moldova,MDA,7,4043258,7590,235,23947,771
Montenegro,MNE,10,622182,7491,130,18066,294
North_Macedonia,MKD,6,2077132,4060,167,6224,298
Panama,PAN,4,4246440,5303,152,6378,178
Puerto_Rico,PRI,3,2933404,174,6,174,6
Portugal,PRT,7,10276617,8956,159,50868,1727
Sweden,SWE,10,10230185,35895,139,129042,5998
Uzbekistan,UZB,10,32981715,10109,95,66628,563
Albania,ALB,11,2862427,7196,121,27830,623
Azerbaijan,AZE,6,10047719,11722,145,16968,206
Belarus,BLR,5,9452409,28477,145,41658,229
Belarus,BLR,6,9452409,20132,158,61790,387
Belarus,BLR,8,9452409,4022,123,71687,676
Belarus,BLR,9,9452409,6573,152,78260,828
Chile,CHL,4,18952035,12436,208,14885,216
Algeria,DZA,5,43053054,5419,202,9267,646
Kuwait,KWT,6,4207077,19332,145,45524,350
Kuwait,KWT,10,4207077,20769,166,125337,773
Kuwait,KWT,11,4207077,11503,65,136840,838
Panama,PAN,5,4246440,6640,152,13018,330
Portugal,PRT,9,10276617,16949,144,74717,1963
Uzbekistan,UZB,9,32981715,14868,151,56519,468
Azerbaijan,AZE,7,10047719,14592,235,31560,441
Belarus,BLR,11,9452409,16686,69,114185,1046
Algeria,DZA,9,43053054,7222,225,51368,1726
El_Salvador,SLV,11,6453550,2913,72,36358,1047
Syria,SYR,11,17070132,1001,60,6684,345
Ethiopia,ETH,11,112078727,6931,105,102720,1569
Bolivia,BOL,11,11513102,1615,134,143246,8849
Algeria,DZA,8,43053054,14315,301,44146,1501
